Date,High,Low,Open,Close,Volume,Adj Close
2013-01-03,950.0,745.0,752.5,827.5,0.0,827.3603515625
2013-01-04,940.0,762.5,837.5,777.5,0.0,777.3687133789062
2013-01-07,780.0,780.0,780.0,780.0,0.0,779.8683471679688
2013-01-08,780.0,780.0,780.0,780.0,0.0,779.8683471679688
2013-01-09,780.0,780.0,780.0,780.0,0.0,779.8683471679688
2013-01-10,810.0,807.5,807.5,810.0,0.0,809.86328125
2013-01-11,810.0,810.0,810.0,810.0,0.0,809.86328125
2013-01-14,800.0,762.5,777.5,800.0,0.0,799.8649291992188
2013-01-15,767.5,765.0,767.5,765.0,0.0,764.8709106445312
2013-01-16,765.0,765.0,765.0,765.0,0.0,764.8709106445312
2013-01-17,1192.5,807.5,807.5,1082.5,500.0,1082.3172607421875
2013-01-18,1107.5,945.0,1107.5,962.5,100.0,962.3375244140625
2013-01-22,1022.5,917.5,1012.5,917.5,0.0,917.3450927734375
2013-01-23,925.0,900.0,925.0,900.0,0.0,899.8480834960938
2013-01-24,935.0,820.0,875.0,935.0,0.0,934.8422241210938
2013-01-25,950.0,832.5,935.0,902.5,0.0,902.34765625
2013-01-28,947.5,837.5,947.5,837.5,0.0,837.358642578125
2013-01-29,850.0,752.5,850.0,812.5,0.0,812.3628540039062
2013-01-30,872.5,742.5,777.5,872.5,0.0,872.3527221679688
2013-01-31,775.0,745.0,745.0,752.5,0.0,752.3729858398438
2013-02-01,850.0,757.5,757.5,812.5,0.0,812.3628540039062
2013-02-04,812.5,812.5,812.5,812.5,0.0,812.3628540039062
2013-02-05,775.0,775.0,775.0,775.0,0.0,774.8692016601562
2013-02-06,832.5,832.5,832.5,832.5,0.0,832.3594970703125
2013-02-07,837.5,837.5,837.5,837.5,0.0,837.358642578125
2013-02-08,790.0,775.0,780.0,787.5,0.0,787.3670654296875
2013-02-11,787.5,787.5,787.5,787.5,0.0,787.3670654296875
2013-02-12,787.5,787.5,787.5,787.5,0.0,787.3670654296875
2013-02-13,797.5,787.5,787.5,792.5,0.0,792.456787109375
2013-02-14,792.5,792.5,792.5,792.5,0.0,792.456787109375
2013-02-15,812.5,812.5,812.5,812.5,0.0,812.4556884765625
2013-02-19,807.5,807.5,807.5,807.5,0.0,807.4559326171875
2013-02-20,807.5,807.5,807.5,807.5,0.0,807.4559326171875
2013-02-21,775.0,770.0,770.0,775.0,0.0,774.9577026367188
2013-02-22,790.0,775.0,787.5,775.0,0.0,774.9577026367188
2013-02-25,795.0,755.0,775.0,755.0,0.0,754.9588012695312
2013-02-26,800.0,765.0,765.0,800.0,0.0,799.9563598632812
2013-02-27,820.0,800.0,800.0,820.0,0.0,819.9552612304688
2013-02-28,820.0,820.0,820.0,820.0,0.0,819.9552612304688
2013-03-01,820.0,820.0,820.0,820.0,0.0,819.9552612304688
2013-03-04,820.0,820.0,820.0,820.0,0.0,819.9552612304688
2013-03-05,787.5,787.5,787.5,787.5,0.0,787.45703125
2013-03-06,792.5,792.5,792.5,792.5,0.0,792.456787109375
2013-03-07,792.5,792.5,792.5,792.5,0.0,792.456787109375
2013-03-08,790.0,787.5,787.5,790.0,0.0,789.9569091796875
2013-03-11,790.0,790.0,790.0,790.0,0.0,789.9569091796875
2013-03-12,790.0,790.0,790.0,790.0,0.0,789.9569091796875
2013-03-13,750.0,750.0,750.0,750.0,0.0,749.9591064453125
2013-03-14,817.5,750.0,765.0,817.5,0.0,817.4554443359375
2013-03-15,817.5,817.5,817.5,817.5,0.0,817.4554443359375
2013-03-18,815.0,815.0,815.0,815.0,0.0,814.95556640625
2013-03-19,815.0,815.0,815.0,815.0,0.0,814.95556640625
2013-03-20,810.0,810.0,810.0,810.0,0.0,809.955810546875
2013-03-21,810.0,810.0,810.0,810.0,0.0,809.955810546875
2013-03-22,825.0,752.5,810.0,752.5,0.0,752.458984375
2013-03-25,825.0,825.0,825.0,825.0,0.0,824.9550170898438
2013-03-26,875.0,837.5,840.0,872.5,0.0,872.452392578125
2013-03-27,875.0,822.5,822.5,875.0,0.0,874.9522705078125
2013-03-28,875.0,850.0,875.0,850.0,0.0,849.95361328125
2013-04-01,850.0,850.0,850.0,850.0,0.0,849.95361328125
2013-04-02,850.0,850.0,850.0,850.0,0.0,849.95361328125
2013-04-03,805.0,747.5,805.0,762.5,100.0,762.4584350585938
2013-04-04,775.0,755.0,775.0,755.0,0.0,754.9588012695312
2013-04-05,850.0,775.0,775.0,850.0,0.0,849.95361328125
2013-04-08,887.5,852.5,885.0,852.5,0.0,852.4534912109375
2013-04-09,875.0,842.5,875.0,842.5,0.0,842.4540405273438
2013-04-10,875.0,850.0,850.0,875.0,0.0,874.9522705078125
2013-04-11,900.0,875.0,882.5,900.0,0.0,899.950927734375
2013-04-12,925.0,837.5,925.0,922.5,0.0,922.44970703125
2013-04-15,855.0,850.0,855.0,850.0,0.0,849.95361328125
2013-04-16,860.0,825.0,860.0,825.0,0.0,824.9550170898438
2013-04-17,825.0,825.0,825.0,825.0,0.0,824.9550170898438
2013-04-18,825.0,825.0,825.0,825.0,0.0,824.9550170898438
2013-04-19,825.0,825.0,825.0,825.0,0.0,824.9550170898438
2013-04-22,880.0,875.0,880.0,875.0,0.0,874.9522705078125
2013-04-23,875.0,872.5,875.0,875.0,0.0,874.9522705078125
2013-04-24,852.5,852.5,852.5,852.5,0.0,852.4534912109375
2013-04-25,895.0,835.0,842.5,895.0,0.0,894.951171875
2013-04-26,895.0,895.0,895.0,895.0,0.0,894.951171875
2013-04-29,872.5,800.0,812.5,850.0,0.0,849.95361328125
2013-04-30,850.0,850.0,850.0,850.0,0.0,849.95361328125
2013-05-01,822.5,800.0,820.0,822.5,0.0,822.4551391601562
2013-05-02,900.0,820.0,820.0,825.0,0.0,824.9550170898438
2013-05-03,872.5,812.5,857.5,835.0,0.0,834.9544677734375
2013-05-06,992.5,847.5,850.0,950.0,0.0,949.9481811523438
2013-05-07,1060.0,875.0,905.0,1060.0,0.0,1059.942138671875
2013-05-08,1310.0,1022.5,1052.5,1185.0,0.0,1184.9354248046875
2013-05-09,1257.5,1000.0,1257.5,1000.0,0.0,999.9454345703125
2013-05-10,1010.0,912.5,1007.5,1010.0,0.0,1009.9449462890625
2013-05-13,995.0,962.5,962.5,995.0,0.0,994.9457397460938
2013-05-14,1107.5,930.0,1107.5,930.0,0.0,929.9492797851562
2013-05-15,927.5,900.0,927.5,900.0,0.0,899.950927734375
2013-05-16,900.0,900.0,900.0,900.0,0.0,899.950927734375
2013-05-17,900.0,900.0,900.0,900.0,0.0,899.950927734375
2013-05-20,912.5,900.0,902.5,912.5,0.0,912.4502563476562
2013-05-21,1000.0,912.5,912.5,1000.0,0.0,999.9454345703125
2013-05-22,1000.0,1000.0,1000.0,1000.0,0.0,999.9454345703125
2013-05-23,1075.0,932.5,932.5,1037.5,0.0,1037.443359375
2013-05-24,1037.5,1037.5,1037.5,1037.5,0.0,1037.443359375
2013-05-28,1037.5,1037.5,1037.5,1037.5,0.0,1037.443359375
2013-05-29,1092.5,940.0,1092.5,965.0,0.0,964.9473876953125
2013-05-30,1002.5,967.5,970.0,1002.5,0.0,1002.4453125
2013-05-31,1002.5,1002.5,1002.5,1002.5,0.0,1002.4453125
2013-06-03,1002.5,1002.5,1002.5,1002.5,0.0,1002.4453125
2013-06-04,1002.5,1002.5,1002.5,1002.5,0.0,1002.4453125
2013-06-05,1042.5,1037.5,1042.5,1037.5,0.0,1037.443359375
2013-06-06,1037.5,1037.5,1037.5,1037.5,0.0,1037.443359375
2013-06-07,1037.5,950.0,1037.5,962.5,0.0,962.447509765625
2013-06-10,997.5,997.5,997.5,997.5,0.0,997.4456176757812
2013-06-11,987.5,987.5,987.5,987.5,0.0,987.4461669921875
2013-06-12,1035.0,902.5,932.5,980.0,0.0,979.946533203125
2013-06-13,980.0,980.0,980.0,980.0,0.0,979.946533203125
2013-06-14,980.0,980.0,980.0,980.0,0.0,979.946533203125
2013-06-17,980.0,980.0,980.0,980.0,0.0,979.946533203125
2013-06-18,1037.5,1020.0,1020.0,1035.0,0.0,1034.943603515625
2013-06-19,1035.0,1035.0,1035.0,1035.0,0.0,1034.943603515625
2013-06-20,1035.0,1035.0,1035.0,1035.0,0.0,1034.943603515625
2013-06-21,1117.5,1077.5,1077.5,1117.5,0.0,1117.4390869140625
2013-06-24,1110.0,1085.0,1085.0,1110.0,0.0,1109.939453125
2013-06-25,1110.0,1110.0,1110.0,1110.0,0.0,1109.939453125
2013-06-26,1110.0,1110.0,1110.0,1110.0,0.0,1109.939453125
2013-06-27,1110.0,1110.0,1110.0,1110.0,0.0,1109.939453125
2013-06-28,1110.0,1110.0,1110.0,1110.0,0.0,1109.939453125
2013-07-01,1057.5,1005.0,1005.0,1057.5,0.0,1057.4423828125
2013-07-02,1120.0,1120.0,1120.0,1120.0,0.0,1119.93896484375
2013-07-03,1120.0,1120.0,1120.0,1120.0,0.0,1119.93896484375
2013-07-05,1120.0,1120.0,1120.0,1120.0,0.0,1119.93896484375
2013-07-08,1125.0,1120.0,1125.0,1125.0,0.0,1124.9385986328125
2013-07-09,1245.0,1182.5,1207.5,1187.5,0.0,1187.4351806640625
2013-07-10,1187.5,1187.5,1187.5,1187.5,0.0,1187.4351806640625
2013-07-11,1187.5,1187.5,1187.5,1187.5,0.0,1187.4351806640625
2013-07-12,1180.0,1170.0,1175.0,1175.0,0.0,1174.9359130859375
2013-07-15,1287.5,1090.0,1287.5,1090.0,0.0,1089.9405517578125
2013-07-16,1102.5,1045.0,1102.5,1045.0,0.0,1044.9429931640625
2013-07-17,1037.5,1035.0,1035.0,1037.5,0.0,1037.443359375
2013-07-18,1037.5,1037.5,1037.5,1037.5,0.0,1037.443359375
2013-07-19,1037.5,1037.5,1037.5,1037.5,0.0,1037.443359375
2013-07-22,1037.5,1037.5,1037.5,1037.5,0.0,1037.443359375
2013-07-23,1037.5,1037.5,1037.5,1037.5,0.0,1037.443359375
2013-07-24,1052.5,1052.5,1052.5,1052.5,0.0,1052.442626953125
2013-07-25,1052.5,1052.5,1052.5,1052.5,0.0,1052.442626953125
2013-07-26,1052.5,1052.5,1052.5,1052.5,0.0,1052.442626953125
2013-07-29,1115.0,1000.0,1000.0,1115.0,0.0,1114.939208984375
2013-07-30,1122.5,1087.5,1112.5,1087.5,0.0,1087.440673828125
2013-07-31,1087.5,1087.5,1087.5,1087.5,0.0,1087.440673828125
2013-08-01,1132.5,1062.5,1062.5,1125.0,0.0,1124.9385986328125
2013-08-02,1125.0,1125.0,1125.0,1125.0,0.0,1124.9385986328125
2013-08-05,1242.5,955.0,955.0,1130.0,0.0,1129.9383544921875
2013-08-06,2125.0,1142.5,1142.5,2100.0,1300.0,2099.885498046875
2013-08-07,2375.0,1502.5,2320.0,1747.5,800.0,1747.4046630859375
2013-08-08,2060.0,1400.0,1590.0,1700.0,700.0,1699.9072265625
2013-08-09,1850.0,1625.0,1662.5,1725.0,200.0,1724.9058837890625
2013-08-12,1797.5,1550.0,1660.0,1617.5,100.0,1617.4117431640625
2013-08-13,1650.0,1552.5,1572.5,1555.0,0.0,1554.9151611328125
2013-08-14,1575.0,1487.5,1555.0,1542.5,0.0,1542.4158935546875
2013-08-15,1375.0,1262.5,1277.5,1325.0,0.0,1324.927734375
2013-08-16,1517.5,1327.5,1327.5,1512.5,0.0,1512.41748046875
2013-08-19,1445.0,1265.0,1445.0,1300.0,100.0,1299.9290771484375
2013-08-20,1320.0,1262.5,1280.0,1280.0,0.0,1279.93017578125
2013-08-21,1337.5,1250.0,1277.5,1267.5,0.0,1267.430908203125
2013-08-22,1265.0,1207.5,1265.0,1207.5,0.0,1207.4342041015625
2013-08-23,1290.0,1205.0,1217.5,1212.5,0.0,1212.433837890625
2013-08-26,1275.0,1257.5,1275.0,1260.0,0.0,1259.9312744140625
2013-08-27,1397.5,1277.5,1387.5,1302.5,0.0,1302.428955078125
2013-08-28,1487.5,1252.5,1255.0,1430.0,100.0,1429.9219970703125
2013-08-29,1595.0,1365.0,1500.0,1442.5,0.0,1442.42138671875
2013-08-30,1550.0,1375.0,1415.0,1475.0,0.0,1474.9195556640625
2013-09-03,1427.5,1312.5,1375.0,1325.0,0.0,1324.927734375
2013-09-04,1375.0,1297.5,1297.5,1375.0,0.0,1374.925048828125
2013-09-05,1595.0,1375.0,1375.0,1580.0,100.0,1579.913818359375
2013-09-06,1837.5,1572.5,1572.5,1787.5,200.0,1787.4024658203125
2013-09-09,2120.0,1792.5,1800.0,2075.0,500.0,2074.88671875
2013-09-10,2357.5,1960.0,2075.0,2075.0,400.0,2074.88671875
2013-09-11,2077.5,1952.5,2077.5,1980.0,0.0,1979.8919677734375
2013-09-12,2030.0,1877.5,2020.0,1890.0,100.0,1889.89697265625
2013-09-13,1990.0,1917.5,1925.0,1925.0,100.0,1924.89501953125
2013-09-16,1955.0,1895.0,1955.0,1952.5,0.0,1952.3935546875
2013-09-17,1945.0,1775.0,1940.0,1855.0,0.0,1854.8988037109375
2013-09-18,1897.5,1720.0,1837.5,1755.0,0.0,1754.904296875
2013-09-19,1817.5,1640.0,1725.0,1657.5,0.0,1657.4095458984375
2013-09-20,1800.0,1660.0,1677.5,1675.0,0.0,1674.90869140625
2013-09-23,1750.0,1630.0,1657.5,1632.5,0.0,1632.4110107421875
2013-09-24,1785.0,1562.5,1692.5,1700.0,0.0,1699.9072265625
2013-09-25,1750.0,1687.5,1687.5,1730.0,0.0,1729.9056396484375
2013-09-26,1772.5,1672.5,1750.0,1700.0,0.0,1699.9072265625
2013-09-27,1750.0,1592.5,1725.0,1632.5,0.0,1632.4110107421875
2013-09-30,1675.0,1577.5,1625.0,1625.0,0.0,1624.911376953125
2013-10-01,1770.0,1622.5,1637.5,1635.0,0.0,1634.910888671875
2013-10-02,1745.0,1640.0,1675.0,1732.5,0.0,1732.405517578125
2013-10-03,1770.0,1600.0,1770.0,1675.0,0.0,1674.90869140625
2013-10-04,1737.5,1627.5,1657.5,1737.5,0.0,1737.4052734375
2013-10-07,1775.0,1627.5,1775.0,1702.5,0.0,1702.4071044921875
2013-10-08,1792.5,1667.5,1792.5,1717.5,0.0,1717.4063720703125
2013-10-09,1772.5,1675.0,1750.0,1750.0,0.0,1749.904541015625
2013-10-10,1882.5,1765.0,1787.5,1765.0,0.0,1764.9036865234375
2013-10-11,1930.0,1777.5,1930.0,1782.5,0.0,1782.40283203125
2013-10-14,1900.0,1802.5,1802.5,1837.5,0.0,1837.3997802734375
2013-10-15,1787.5,1787.5,1787.5,1787.5,0.0,1787.4024658203125
2013-10-16,1787.5,1640.0,1782.5,1740.0,0.0,1739.9051513671875
2013-10-17,1757.5,1682.5,1757.5,1682.5,0.0,1682.408203125
2013-10-18,1747.5,1652.5,1682.5,1707.5,0.0,1707.4068603515625
2013-10-21,1742.5,1665.0,1727.5,1722.5,0.0,1722.406005859375
2013-10-22,1722.5,1722.5,1722.5,1722.5,0.0,1722.406005859375
2013-10-23,1745.0,1637.5,1745.0,1670.0,0.0,1669.908935546875
2013-10-24,1712.5,1657.5,1712.5,1702.5,0.0,1702.4071044921875
2013-10-25,1662.5,1625.0,1650.0,1632.5,0.0,1632.4110107421875
2013-10-28,1600.0,1467.5,1587.5,1477.5,0.0,1477.41943359375
2013-10-29,1450.0,1412.5,1435.0,1450.0,0.0,1449.9208984375
2013-10-30,1447.5,1362.5,1445.0,1445.0,0.0,1444.921142578125
2013-10-31,1445.0,1342.5,1445.0,1360.0,0.0,1359.92578125
2013-11-01,1350.0,1250.0,1350.0,1275.0,0.0,1274.930419921875
2013-11-04,1297.5,1297.5,1297.5,1297.5,0.0,1297.42919921875
2013-11-05,1297.5,1295.0,1297.5,1295.0,0.0,1294.9293212890625
2013-11-06,1477.5,1295.0,1297.5,1402.5,0.0,1402.4234619140625
2013-11-07,1475.0,1340.0,1420.0,1377.5,0.0,1377.4249267578125
2013-11-08,1497.5,1357.5,1357.5,1365.0,0.0,1364.925537109375
2013-11-11,1400.0,1375.0,1375.0,1385.0,0.0,1384.9244384765625
2013-11-12,1437.5,1290.0,1437.5,1290.0,0.0,1289.9296875
2013-11-13,1425.0,1310.0,1310.0,1417.5,0.0,1417.4227294921875
2013-11-14,1397.5,1330.0,1330.0,1397.5,0.0,1397.423828125
2013-11-15,1585.0,1377.5,1430.0,1567.5,0.0,1567.41455078125
2013-11-18,1965.0,1552.5,1552.5,1760.0,200.0,1759.904052734375
2013-11-19,1875.0,1632.5,1722.5,1692.5,0.0,1692.40771484375
2013-11-20,1787.5,1577.5,1787.5,1620.0,0.0,1619.91162109375
2013-11-21,1677.5,1502.5,1605.0,1517.5,0.0,1517.417236328125
2013-11-22,1600.0,1525.0,1550.0,1542.5,0.0,1542.4158935546875
2013-11-25,1562.5,1437.5,1542.5,1437.5,0.0,1437.421630859375
2013-11-26,1562.5,1462.5,1465.0,1542.5,0.0,1542.4158935546875
2013-11-27,1700.0,1537.5,1562.5,1542.5,0.0,1542.4158935546875
2013-11-29,1750.0,1525.0,1530.0,1652.5,0.0,1652.409912109375
2013-12-02,1690.0,1552.5,1675.0,1552.5,0.0,1552.415283203125
2013-12-03,1552.5,1462.5,1552.5,1475.0,0.0,1474.9195556640625
2013-12-04,1575.0,1475.0,1475.0,1512.5,0.0,1512.41748046875
2013-12-05,1625.0,1505.0,1525.0,1567.5,0.0,1567.41455078125
2013-12-06,1700.0,1537.5,1622.5,1680.0,0.0,1679.9083251953125
2013-12-09,1622.5,1620.0,1622.5,1620.0,0.0,1619.91162109375
2013-12-10,1632.5,1617.5,1617.5,1617.5,0.0,1617.4117431640625
2013-12-11,1620.0,1617.5,1617.5,1620.0,0.0,1619.91162109375
2013-12-12,1617.5,1500.0,1617.5,1550.0,0.0,1549.9154052734375
2013-12-13,1542.5,1512.5,1542.5,1527.5,0.0,1527.416748046875
2013-12-16,1527.5,1417.5,1510.0,1527.5,0.0,1527.416748046875
2013-12-17,1622.5,1542.5,1542.5,1622.5,0.0,1622.4114990234375
2013-12-18,1582.5,1462.5,1575.0,1582.5,0.0,1582.4136962890625
2013-12-19,1550.0,1452.5,1500.0,1480.0,0.0,1479.9193115234375
2013-12-20,1617.5,1487.5,1525.0,1617.5,0.0,1617.4117431640625
2013-12-23,1612.5,1545.0,1595.0,1545.0,0.0,1544.915771484375
2013-12-24,1565.0,1505.0,1565.0,1507.5,0.0,1507.417724609375
2013-12-26,1505.0,1500.0,1505.0,1502.5,0.0,1502.4180908203125
2013-12-27,1502.5,1502.5,1502.5,1502.5,0.0,1502.4180908203125
2013-12-30,1525.0,1462.5,1525.0,1462.5,0.0,1462.4202880859375
2013-12-31,1440.0,1360.0,1360.0,1437.5,0.0,1437.421630859375
2014-01-02,1425.0,1417.5,1425.0,1417.5,0.0,1417.4227294921875
2014-01-03,1402.5,1397.5,1402.5,1397.5,0.0,1397.423828125
2014-01-06,1400.0,1387.5,1400.0,1387.5,0.0,1387.42431640625
2014-01-07,1470.0,1387.5,1387.5,1450.0,0.0,1449.9208984375
2014-01-08,1505.0,1450.0,1450.0,1472.5,0.0,1472.419677734375
2014-01-09,1485.0,1412.5,1412.5,1485.0,0.0,1484.9190673828125
2014-01-10,1510.0,1450.0,1452.5,1510.0,0.0,1509.9176025390625
2014-01-13,1560.0,1442.5,1512.5,1462.5,0.0,1462.4202880859375
2014-01-14,1575.0,1400.0,1452.5,1550.0,100.0,1549.9154052734375
2014-01-15,1557.5,1500.0,1500.0,1550.0,0.0,1549.9154052734375
2014-01-16,1550.0,1487.5,1550.0,1545.0,0.0,1544.915771484375
2014-01-17,1817.5,1472.5,1472.5,1680.0,200.0,1679.9083251953125
2014-01-21,1700.0,1630.0,1700.0,1637.5,0.0,1637.41064453125
2014-01-22,1825.0,1635.0,1700.0,1715.0,100.0,1714.906494140625
2014-01-23,1700.0,1620.0,1690.0,1662.5,0.0,1662.4093017578125
2014-01-24,1647.5,1550.0,1647.5,1550.0,0.0,1549.9154052734375
2014-01-27,1730.0,1512.5,1730.0,1540.0,0.0,1539.916015625
2014-01-28,1540.0,1540.0,1540.0,1540.0,0.0,1539.916015625
2014-01-29,1530.0,1500.0,1530.0,1500.0,0.0,1499.918212890625
2014-01-30,1520.0,1520.0,1520.0,1520.0,0.0,1519.9171142578125
2014-01-31,1495.0,1387.5,1472.5,1420.0,0.0,1419.922607421875
2014-02-03,1495.0,1410.0,1455.0,1460.0,0.0,1459.92041015625
2014-02-04,1622.5,1475.0,1552.5,1567.5,0.0,1567.41455078125
2014-02-05,1580.0,1477.5,1570.0,1490.0,0.0,1489.918701171875
2014-02-06,1525.0,1462.5,1502.5,1462.5,0.0,1462.4202880859375
2014-02-07,1487.5,1385.0,1487.5,1442.5,0.0,1442.42138671875
2014-02-10,1635.0,1400.0,1635.0,1425.0,0.0,1424.9222412109375
2014-02-11,1502.5,1395.0,1395.0,1462.5,0.0,1462.4202880859375
2014-02-12,1490.0,1377.5,1412.5,1467.5,0.0,1467.419921875
2014-02-13,1452.5,1400.0,1410.0,1440.0,0.0,1440.0
2014-02-14,1412.5,1375.0,1400.0,1410.0,0.0,1410.0
2014-02-18,1430.0,1407.5,1407.5,1430.0,0.0,1430.0
2014-02-19,1422.5,1392.5,1420.0,1392.5,0.0,1392.5
2014-02-20,1410.0,1375.0,1395.0,1375.0,0.0,1375.0
2014-02-21,1380.0,1322.5,1380.0,1322.5,0.0,1322.5
2014-02-24,1322.5,1322.5,1322.5,1322.5,0.0,1322.5
2014-02-25,1350.0,1325.0,1337.5,1337.5,0.0,1337.5
2014-02-26,1337.5,1337.5,1337.5,1337.5,0.0,1337.5
2014-02-27,1472.5,1375.0,1375.0,1375.0,0.0,1375.0
2014-02-28,1430.0,1380.0,1430.0,1385.0,0.0,1385.0
2014-03-03,1425.0,1377.5,1377.5,1425.0,0.0,1425.0
2014-03-04,1425.0,1425.0,1425.0,1425.0,0.0,1425.0
2014-03-05,1450.0,1377.5,1377.5,1445.0,0.0,1445.0
2014-03-06,1422.5,1350.0,1350.0,1422.5,0.0,1422.5
2014-03-07,1497.5,1350.0,1497.5,1395.0,0.0,1395.0
2014-03-10,1395.0,1395.0,1395.0,1395.0,0.0,1395.0
2014-03-11,1412.5,1397.5,1412.5,1402.5,0.0,1402.5
2014-03-12,1412.5,1345.0,1345.0,1412.5,0.0,1412.5
2014-03-13,1357.5,1342.5,1352.5,1357.5,0.0,1357.5
2014-03-14,1357.5,1357.5,1357.5,1357.5,0.0,1357.5
2014-03-17,1357.5,1357.5,1357.5,1357.5,0.0,1357.5
2014-03-18,1387.5,1285.0,1285.0,1337.5,0.0,1337.5
2014-03-19,1347.5,1282.5,1347.5,1287.5,0.0,1287.5
2014-03-20,1330.0,1262.5,1270.0,1287.5,0.0,1287.5
2014-03-21,1287.5,1287.5,1287.5,1287.5,0.0,1287.5
2014-03-24,1287.5,1287.5,1287.5,1287.5,0.0,1287.5
2014-03-25,1287.5,1287.5,1287.5,1287.5,0.0,1287.5
2014-03-26,1345.0,1287.5,1330.0,1317.5,0.0,1317.5
2014-03-27,1280.0,1262.5,1262.5,1280.0,0.0,1280.0
2014-03-28,1267.5,1247.5,1247.5,1252.5,0.0,1252.5
2014-03-31,1287.5,1250.0,1265.0,1287.5,0.0,1287.5
2014-04-01,1277.5,1247.5,1247.5,1277.5,0.0,1277.5
2014-04-02,1275.0,1275.0,1275.0,1275.0,0.0,1275.0
2014-04-03,1260.0,1260.0,1260.0,1260.0,0.0,1260.0
2014-04-04,1260.0,1260.0,1260.0,1260.0,0.0,1260.0
2014-04-07,1260.0,1260.0,1260.0,1260.0,0.0,1260.0
2014-04-08,1320.0,1320.0,1320.0,1320.0,0.0,1320.0
2014-04-09,1312.5,1312.5,1312.5,1312.5,0.0,1312.5
2014-04-10,1282.5,1205.0,1205.0,1282.5,0.0,1282.5
2014-04-11,1282.5,1282.5,1282.5,1282.5,0.0,1282.5
2014-04-14,1265.0,1117.5,1265.0,1177.5,0.0,1177.5
2014-04-15,1210.0,1182.5,1182.5,1210.0,0.0,1210.0
2014-04-16,1202.5,1092.5,1202.5,1122.5,0.0,1122.5
2014-04-17,1170.0,1080.0,1085.0,1082.5,0.0,1082.5
2014-04-21,1082.5,1082.5,1082.5,1082.5,0.0,1082.5
2014-04-22,1122.5,1072.5,1075.0,1072.5,0.0,1072.5
2014-04-23,1125.0,1075.0,1125.0,1110.0,0.0,1110.0
2014-04-24,1110.0,1110.0,1110.0,1110.0,0.0,1110.0
2014-04-25,1122.5,1075.0,1100.0,1075.0,0.0,1075.0
2014-04-28,1037.5,977.5,1037.5,977.5,0.0,977.5
2014-04-29,987.5,910.0,987.5,927.5,0.0,927.5
2014-04-30,1090.0,872.5,900.0,1090.0,0.0,1090.0
2014-05-01,1090.0,1090.0,1090.0,1090.0,0.0,1090.0
2014-05-02,1125.0,1115.0,1115.0,1122.5,0.0,1122.5
2014-05-05,1122.5,1122.5,1122.5,1122.5,0.0,1122.5
2014-05-06,1090.0,992.5,1090.0,1040.0,0.0,1040.0
2014-05-07,1012.5,1012.5,1012.5,1012.5,0.0,1012.5
2014-05-08,1012.5,1012.5,1012.5,1012.5,0.0,1012.5
2014-05-09,987.5,987.5,987.5,987.5,0.0,987.5
2014-05-12,1052.5,1025.0,1035.0,1032.5,0.0,1032.5
2014-05-13,1032.5,1032.5,1032.5,1032.5,0.0,1032.5
2014-05-14,1007.5,1002.5,1002.5,1007.5,0.0,1007.5
2014-05-15,1007.5,1007.5,1007.5,1007.5,0.0,1007.5
2014-05-16,992.5,937.5,992.5,945.0,0.0,945.0
2014-05-19,945.0,945.0,945.0,945.0,0.0,945.0
2014-05-20,965.0,902.5,965.0,902.5,0.0,902.5
2014-05-21,1200.0,920.0,920.0,1030.0,100.0,1030.0
2014-05-22,1337.5,1045.0,1050.0,1127.5,400.0,1127.5
2014-05-23,1247.5,1092.5,1247.5,1130.0,0.0,1130.0
2014-05-27,1155.0,1100.0,1155.0,1125.0,0.0,1125.0
2014-05-28,1095.0,1010.0,1095.0,1027.5,0.0,1027.5
2014-05-29,1057.5,1015.0,1030.0,1037.5,0.0,1037.5
2014-05-30,1015.0,1015.0,1015.0,1015.0,0.0,1015.0
2014-06-02,1015.0,1010.0,1015.0,1010.0,0.0,1010.0
2014-06-03,995.0,915.0,957.5,930.0,0.0,930.0
2014-06-04,930.0,930.0,930.0,930.0,0.0,930.0
2014-06-05,930.0,930.0,930.0,930.0,0.0,930.0
2014-06-06,1032.5,887.5,930.0,910.0,0.0,910.0
2014-06-09,1035.0,932.5,932.5,950.0,0.0,950.0
2014-06-10,1012.5,932.5,932.5,962.5,0.0,962.5
2014-06-11,1032.5,935.0,962.5,1002.5,0.0,1002.5
2014-06-12,1112.5,977.5,977.5,1047.5,0.0,1047.5
2014-06-13,1050.0,975.0,1050.0,975.0,0.0,975.0
2014-06-16,1037.5,965.0,965.0,1025.0,0.0,1025.0
2014-06-17,1087.5,1022.5,1022.5,1030.0,0.0,1030.0
2014-06-18,1087.5,962.5,962.5,1087.5,0.0,1087.5
2014-06-19,1037.5,962.5,962.5,1022.5,0.0,1022.5
2014-06-20,1037.5,975.0,975.0,995.0,0.0,995.0
2014-06-23,1045.0,995.0,995.0,1045.0,0.0,1045.0
2014-06-24,1032.5,980.0,985.0,985.0,0.0,985.0
2014-06-25,1025.0,970.0,975.0,1025.0,0.0,1025.0
2014-06-26,1017.5,975.0,975.0,1017.5,0.0,1017.5
2014-06-27,1000.0,970.0,970.0,1000.0,0.0,1000.0
2014-06-30,1002.5,962.5,1002.5,992.5,0.0,992.5
2014-07-01,995.0,965.0,965.0,992.5,0.0,992.5
2014-07-02,1102.5,1000.0,1000.0,1065.0,0.0,1065.0
2014-07-03,1212.5,985.0,985.0,1200.0,0.0,1200.0
2014-07-07,1227.5,1080.0,1227.5,1110.0,0.0,1110.0
2014-07-08,1205.0,1050.0,1205.0,1095.0,0.0,1095.0
2014-07-09,1077.5,1042.5,1042.5,1075.0,0.0,1075.0
2014-07-10,1150.0,1027.5,1027.5,1075.0,0.0,1075.0
2014-07-11,1117.5,1020.0,1117.5,1072.5,0.0,1072.5
2014-07-14,1072.5,1072.5,1072.5,1072.5,0.0,1072.5
2014-07-15,1072.5,1072.5,1072.5,1072.5,0.0,1072.5
2014-07-16,1080.0,1000.0,1005.0,1035.0,0.0,1035.0
2014-07-17,1045.0,937.5,1045.0,985.0,0.0,985.0
2014-07-18,1012.5,922.5,945.0,997.5,0.0,997.5
2014-07-21,1002.5,915.0,915.0,987.5,0.0,987.5
2014-07-22,985.0,907.5,927.5,985.0,0.0,985.0
2014-07-23,982.5,885.0,982.5,980.0,0.0,980.0
2014-07-24,982.5,880.0,942.5,977.5,200.0,977.5
2014-07-25,1107.5,897.5,955.0,995.0,300.0,995.0
2014-07-28,992.5,940.0,970.0,952.5,0.0,952.5
2014-07-29,1072.5,925.0,937.5,1012.5,200.0,1012.5
2014-07-30,970.0,930.0,960.0,960.0,0.0,960.0
2014-07-31,1175.0,927.5,967.5,972.5,100.0,972.5
2014-08-01,945.0,902.5,945.0,925.0,0.0,925.0
2014-08-04,1000.0,877.5,960.0,917.5,0.0,917.5
2014-08-05,1010.0,900.0,900.0,920.0,0.0,920.0
2014-08-06,920.0,920.0,920.0,920.0,0.0,920.0
2014-08-07,955.0,912.5,912.5,945.0,0.0,945.0
2014-08-08,937.5,900.0,900.0,937.5,0.0,937.5
2014-08-11,952.5,902.5,905.0,912.5,0.0,912.5
2014-08-12,905.0,875.0,905.0,875.0,0.0,875.0
2014-08-13,875.0,827.5,875.0,852.5,0.0,852.5
2014-08-14,997.5,807.5,837.5,967.5,0.0,967.5
2014-08-15,912.5,902.5,912.5,902.5,0.0,902.5
2014-08-18,902.5,857.5,857.5,902.5,0.0,902.5
2014-08-19,902.5,902.5,902.5,902.5,0.0,902.5
2014-08-20,902.5,902.5,902.5,902.5,0.0,902.5
2014-08-21,897.5,897.5,897.5,897.5,0.0,897.5
2014-08-22,887.5,887.5,887.5,887.5,0.0,887.5
2014-08-25,887.5,887.5,887.5,887.5,0.0,887.5
2014-08-26,887.5,875.0,875.0,887.5,0.0,887.5
2014-08-27,917.5,885.0,885.0,895.0,0.0,895.0
2014-08-28,955.0,955.0,955.0,955.0,0.0,955.0
2014-08-29,945.0,925.0,945.0,927.5,0.0,927.5
2014-09-02,925.0,925.0,925.0,925.0,0.0,925.0
2014-09-03,917.5,855.0,885.0,917.5,0.0,917.5
2014-09-04,882.5,850.0,850.0,882.5,0.0,882.5
2014-09-05,912.5,850.0,850.0,900.0,0.0,900.0
2014-09-08,1022.5,910.0,910.0,917.5,0.0,917.5
2014-09-09,950.0,900.0,900.0,925.0,0.0,925.0
2014-09-10,927.5,915.0,927.5,915.0,0.0,915.0
2014-09-11,935.0,912.5,912.5,920.0,0.0,920.0
2014-09-12,915.0,915.0,915.0,915.0,0.0,915.0
2014-09-15,900.0,900.0,900.0,900.0,0.0,900.0
2014-09-16,892.5,872.5,892.5,872.5,0.0,872.5
2014-09-17,862.5,815.0,840.0,862.5,0.0,862.5
2014-09-18,802.5,727.5,802.5,752.5,0.0,752.5
2014-09-19,752.5,707.5,752.5,752.5,0.0,752.5
2014-09-22,720.0,720.0,720.0,720.0,0.0,720.0
2014-09-23,735.0,637.5,637.5,735.0,0.0,735.0
2014-09-24,735.0,735.0,735.0,735.0,0.0,735.0
2014-09-25,710.0,642.5,642.5,675.0,0.0,675.0
2014-09-26,652.5,642.5,642.5,652.5,0.0,652.5
2014-09-29,652.5,627.5,652.5,627.5,0.0,627.5
2014-09-30,670.0,565.0,625.0,652.5,0.0,652.5
2014-10-01,652.5,652.5,652.5,652.5,0.0,652.5
2014-10-02,687.5,507.5,507.5,687.5,0.0,687.5
2014-10-03,652.5,650.0,652.5,652.5,0.0,652.5
2014-10-06,650.0,650.0,650.0,650.0,0.0,650.0
2014-10-07,647.5,610.0,625.0,610.0,0.0,610.0
2014-10-08,610.0,607.5,610.0,610.0,0.0,610.0
2014-10-09,617.5,617.5,617.5,617.5,0.0,617.5
2014-10-10,645.0,600.0,617.5,645.0,0.0,645.0
2014-10-13,642.5,642.5,642.5,642.5,0.0,642.5
2014-10-14,640.0,612.5,640.0,612.5,0.0,612.5
2014-10-15,610.0,610.0,610.0,610.0,0.0,610.0
2014-10-16,612.5,605.0,612.5,605.0,0.0,605.0
2014-10-17,630.0,627.5,627.5,630.0,0.0,630.0
2014-10-20,635.0,635.0,635.0,635.0,0.0,635.0
2014-10-21,630.0,630.0,630.0,630.0,0.0,630.0
2014-10-22,632.5,622.5,632.5,622.5,0.0,622.5
2014-10-23,635.0,635.0,635.0,635.0,0.0,635.0
2014-10-24,635.0,635.0,635.0,635.0,0.0,635.0
2014-10-27,635.0,592.5,635.0,632.5,0.0,632.5
2014-10-28,625.0,587.5,587.5,615.0,0.0,615.0
2014-10-29,630.0,630.0,630.0,630.0,0.0,630.0
2014-10-30,635.0,552.5,560.0,635.0,0.0,635.0
2014-10-31,630.0,512.5,560.0,575.0,0.0,575.0
2014-11-03,627.5,602.5,602.5,625.0,0.0,625.0
2014-11-04,740.0,625.0,630.0,665.0,0.0,665.0
2014-11-05,740.0,677.5,740.0,677.5,0.0,677.5
2014-11-06,750.0,677.5,695.0,750.0,0.0,750.0
2014-11-07,750.0,750.0,750.0,750.0,0.0,750.0
2014-11-10,847.5,725.0,822.5,727.5,0.0,727.5
2014-11-11,825.0,825.0,825.0,825.0,0.0,825.0
2014-11-12,785.0,702.5,722.5,785.0,0.0,785.0
2014-11-13,822.5,727.5,822.5,800.0,0.0,800.0
2014-11-14,767.5,675.0,767.5,757.5,0.0,757.5
2014-11-17,760.0,717.5,717.5,760.0,0.0,760.0
2014-11-18,735.0,735.0,735.0,735.0,0.0,735.0
2014-11-19,735.0,735.0,735.0,735.0,0.0,735.0
2014-11-20,745.0,745.0,745.0,745.0,0.0,745.0
2014-11-21,750.0,732.5,732.5,750.0,0.0,750.0
2014-11-24,742.5,742.5,742.5,742.5,0.0,742.5
2014-11-25,742.5,742.5,742.5,742.5,0.0,742.5
2014-11-26,727.5,655.0,727.5,657.5,0.0,657.5
2014-11-28,685.0,612.5,685.0,612.5,0.0,612.5
2014-12-01,617.5,577.5,577.5,617.5,0.0,617.5
2014-12-02,585.0,530.0,530.0,585.0,0.0,585.0
2014-12-03,525.0,525.0,525.0,525.0,0.0,525.0
2014-12-04,560.0,540.0,552.5,540.0,0.0,540.0
2014-12-05,540.0,540.0,540.0,540.0,0.0,540.0
2014-12-08,545.0,512.5,512.5,545.0,0.0,545.0
2014-12-09,545.0,545.0,545.0,545.0,0.0,545.0
2014-12-10,527.5,495.0,527.5,495.0,0.0,495.0
2014-12-11,492.5,472.5,492.5,472.5,0.0,472.5
2014-12-12,495.0,462.5,462.5,490.0,0.0,490.0
2014-12-15,477.5,452.5,452.5,475.0,0.0,475.0
2014-12-16,490.0,432.5,435.0,490.0,0.0,490.0
2014-12-17,490.0,490.0,490.0,490.0,0.0,490.0
2014-12-18,510.0,455.0,510.0,510.0,0.0,510.0
2014-12-19,602.5,512.5,512.5,562.5,0.0,562.5
2014-12-22,517.5,425.0,517.5,442.5,0.0,442.5
2014-12-23,457.5,457.5,457.5,457.5,0.0,457.5
2014-12-24,587.5,425.0,457.5,437.5,0.0,437.5
2014-12-26,497.5,440.0,445.0,455.0,0.0,455.0
2014-12-29,450.0,440.0,440.0,450.0,0.0,450.0
2014-12-30,450.0,442.5,450.0,450.0,0.0,450.0
2014-12-31,500.0,462.5,462.5,500.0,0.0,500.0
2015-01-02,457.5,457.5,457.5,457.5,0.0,457.5
2015-01-05,475.0,440.0,475.0,440.0,0.0,440.0
2015-01-06,440.0,440.0,440.0,440.0,0.0,440.0
2015-01-07,442.5,442.5,442.5,442.5,0.0,442.5
2015-01-08,432.5,432.5,432.5,432.5,0.0,432.5
2015-01-09,432.5,432.5,432.5,432.5,0.0,432.5
2015-01-12,432.5,432.5,432.5,432.5,0.0,432.5
2015-01-13,432.5,432.5,432.5,432.5,0.0,432.5
2015-01-14,490.0,425.0,435.0,430.0,0.0,430.0
2015-01-15,430.0,430.0,430.0,430.0,0.0,430.0
2015-01-16,430.0,382.5,412.5,430.0,0.0,430.0
2015-01-20,380.0,380.0,380.0,380.0,0.0,380.0
2015-01-21,400.0,350.0,382.5,400.0,0.0,400.0
2015-01-22,382.5,357.5,357.5,382.5,0.0,382.5
2015-01-23,375.0,357.5,375.0,357.5,0.0,357.5
2015-01-26,502.5,400.0,500.0,412.5,0.0,412.5
2015-01-27,460.0,452.5,460.0,455.0,0.0,455.0
2015-01-28,487.5,407.5,487.5,407.5,0.0,407.5
2015-01-29,407.5,407.5,407.5,407.5,0.0,407.5
2015-01-30,407.5,407.5,407.5,407.5,0.0,407.5
2015-02-02,462.5,462.5,462.5,462.5,0.0,462.5
2015-02-03,460.0,425.0,460.0,450.0,0.0,450.0
2015-02-04,452.5,422.5,422.5,435.0,0.0,435.0
2015-02-05,450.0,415.0,450.0,422.5,0.0,422.5
2015-02-06,437.5,410.0,427.5,437.5,0.0,437.5
2015-02-09,447.5,427.5,427.5,447.5,0.0,447.5
2015-02-10,482.5,450.0,482.5,450.0,0.0,450.0
2015-02-11,432.5,410.0,432.5,410.0,0.0,410.0
2015-02-12,415.0,415.0,415.0,415.0,0.0,415.0
2015-02-13,387.5,387.5,387.5,387.5,0.0,387.5
2015-02-17,422.5,367.5,377.5,367.5,0.0,367.5
2015-02-18,365.0,365.0,365.0,365.0,0.0,365.0
2015-02-19,365.0,365.0,365.0,365.0,0.0,365.0
2015-02-20,447.5,375.0,375.0,447.5,0.0,447.5
2015-02-23,617.5,437.5,537.5,617.5,0.0,617.5
2015-02-24,1055.0,575.0,622.5,875.0,1500.0,875.0
2015-02-25,1425.0,1025.0,1200.0,1200.0,2800.0,1200.0
2015-02-26,1120.0,875.0,1087.5,875.0,700.0,875.0
2015-02-27,1037.5,887.5,897.5,1037.5,300.0,1037.5
2015-03-02,1060.0,937.5,1030.0,1037.5,100.0,1037.5
2015-03-03,1040.0,840.0,1037.5,905.0,100.0,905.0
2015-03-04,897.5,842.5,880.0,862.5,0.0,862.5
2015-03-05,850.0,750.0,850.0,760.0,100.0,760.0
2015-03-06,862.5,665.0,707.5,815.0,100.0,815.0
2015-03-09,787.5,657.5,727.5,657.5,100.0,657.5
2015-03-10,807.5,662.5,662.5,762.5,0.0,762.5
2015-03-11,750.0,670.0,750.0,705.0,0.0,705.0
2015-03-12,750.0,675.0,682.5,700.0,0.0,700.0
2015-03-13,707.5,707.5,707.5,707.5,0.0,707.5
2015-03-16,727.5,712.5,712.5,722.5,0.0,722.5
2015-03-17,725.0,705.0,712.5,705.0,0.0,705.0
2015-03-18,692.5,687.5,687.5,690.0,0.0,690.0
2015-03-19,695.0,687.5,687.5,695.0,0.0,695.0
2015-03-20,687.5,637.5,687.5,637.5,0.0,637.5
2015-03-23,637.5,625.0,625.0,627.5,0.0,627.5
2015-03-24,637.5,637.5,637.5,637.5,0.0,637.5
2015-03-25,662.5,590.0,637.5,662.5,0.0,662.5
2015-03-26,660.0,612.5,660.0,632.5,0.0,632.5
2015-03-27,625.0,605.0,625.0,605.0,0.0,605.0
2015-03-30,607.5,605.0,607.5,605.0,0.0,605.0
2015-03-31,647.5,625.0,625.0,625.0,0.0,625.0
2015-04-01,637.5,635.0,635.0,637.5,0.0,637.5
2015-04-02,657.5,625.0,625.0,625.0,0.0,625.0
2015-04-06,637.5,625.0,637.5,625.0,0.0,625.0
2015-04-07,675.0,625.0,625.0,625.0,0.0,625.0
2015-04-08,637.5,625.0,625.0,637.5,0.0,637.5
2015-04-09,637.5,637.5,637.5,637.5,0.0,637.5
2015-04-10,637.5,637.5,637.5,637.5,0.0,637.5
2015-04-13,640.0,575.0,625.0,587.5,0.0,587.5
2015-04-14,585.0,560.0,585.0,575.0,0.0,575.0
2015-04-15,640.0,575.0,575.0,587.5,0.0,587.5
2015-04-16,612.5,575.0,612.5,575.0,0.0,575.0
2015-04-17,605.0,605.0,605.0,605.0,0.0,605.0
2015-04-20,595.0,590.0,590.0,590.0,0.0,590.0
2015-04-21,917.5,590.0,592.5,882.5,1000.0,882.5
2015-04-22,920.0,697.5,887.5,725.0,300.0,725.0
2015-04-23,757.5,680.0,757.5,700.0,0.0,700.0
2015-04-24,775.0,690.0,692.5,722.5,0.0,722.5
2015-04-27,792.5,655.0,792.5,690.0,0.0,690.0
2015-04-28,680.0,637.5,680.0,650.0,0.0,650.0
2015-04-29,667.5,650.0,665.0,650.0,0.0,650.0
2015-04-30,637.5,595.0,637.5,602.5,0.0,602.5
2015-05-01,670.0,635.0,670.0,635.0,0.0,635.0
2015-05-04,635.0,635.0,635.0,635.0,0.0,635.0
2015-05-05,640.0,600.0,605.0,605.0,0.0,605.0
2015-05-06,595.0,580.0,595.0,592.5,0.0,592.5
2015-05-07,675.0,577.5,577.5,637.5,0.0,637.5
2015-05-08,632.5,625.0,632.5,625.0,0.0,625.0
2015-05-11,630.0,590.0,600.0,592.5,0.0,592.5
2015-05-12,657.5,602.5,657.5,602.5,0.0,602.5
2015-05-13,645.0,602.5,602.5,642.5,0.0,642.5
2015-05-14,645.0,615.0,615.0,645.0,0.0,645.0
2015-05-15,640.0,640.0,640.0,640.0,0.0,640.0
2015-05-18,615.0,602.5,615.0,602.5,0.0,602.5
2015-05-19,607.5,600.0,605.0,602.5,0.0,602.5
2015-05-20,617.5,565.0,577.5,617.5,0.0,617.5
2015-05-21,612.5,575.0,607.5,575.0,0.0,575.0
2015-05-22,575.0,567.5,567.5,575.0,0.0,575.0
2015-05-26,592.5,570.0,587.5,572.5,0.0,572.5
2015-05-27,570.0,567.5,567.5,570.0,0.0,570.0
2015-05-28,740.0,545.0,545.0,587.5,0.0,587.5
2015-05-29,617.5,575.0,595.0,617.5,0.0,617.5
2015-06-01,610.0,582.5,610.0,607.5,0.0,607.5
2015-06-02,620.0,577.5,577.5,615.0,0.0,615.0
2015-06-03,620.0,590.0,620.0,605.0,0.0,605.0
2015-06-04,612.5,580.0,580.0,612.5,0.0,612.5
2015-06-05,607.5,570.0,570.0,582.5,0.0,582.5
2015-06-08,612.5,600.0,600.0,612.5,0.0,612.5
2015-06-09,577.5,577.5,577.5,577.5,0.0,577.5
2015-06-10,577.5,577.5,577.5,577.5,0.0,577.5
2015-06-11,567.5,555.0,567.5,555.0,0.0,555.0
2015-06-12,560.0,555.0,555.0,557.5,0.0,557.5
2015-06-15,542.5,517.5,517.5,540.0,0.0,540.0
2015-06-16,555.0,555.0,555.0,555.0,0.0,555.0
2015-06-17,570.0,555.0,555.0,570.0,0.0,570.0
2015-06-18,570.0,570.0,570.0,570.0,0.0,570.0
2015-06-19,570.0,570.0,570.0,570.0,0.0,570.0
2015-06-22,570.0,545.0,570.0,555.0,0.0,555.0
2015-06-23,610.0,570.0,570.0,610.0,0.0,610.0
2015-06-24,617.5,617.5,617.5,617.5,0.0,617.5
2015-06-25,620.0,620.0,620.0,620.0,0.0,620.0
2015-06-26,622.5,622.5,622.5,622.5,0.0,622.5
2015-06-29,620.0,547.5,547.5,620.0,0.0,620.0
2015-06-30,607.5,550.0,552.5,607.5,0.0,607.5
2015-07-01,587.5,587.5,587.5,587.5,0.0,587.5
2015-07-02,575.0,550.0,550.0,565.0,0.0,565.0
2015-07-06,632.5,552.5,565.0,592.5,0.0,592.5
2015-07-07,545.0,545.0,545.0,545.0,0.0,545.0
2015-07-08,545.0,545.0,545.0,545.0,0.0,545.0
2015-07-09,550.0,550.0,550.0,550.0,0.0,550.0
2015-07-10,550.0,550.0,550.0,550.0,0.0,550.0
2015-07-13,550.0,550.0,550.0,550.0,0.0,550.0
2015-07-14,552.5,552.5,552.5,552.5,0.0,552.5
2015-07-15,615.0,550.0,615.0,550.0,0.0,550.0
2015-07-16,550.0,550.0,550.0,550.0,0.0,550.0
2015-07-17,550.0,550.0,550.0,550.0,0.0,550.0
2015-07-20,557.5,537.5,552.5,537.5,0.0,537.5
2015-07-21,537.5,537.5,537.5,537.5,0.0,537.5
2015-07-22,550.0,512.5,512.5,550.0,0.0,550.0
2015-07-23,560.0,550.0,550.0,560.0,0.0,560.0
2015-07-24,555.0,537.5,555.0,537.5,0.0,537.5
2015-07-27,542.5,507.5,507.5,542.5,0.0,542.5
2015-07-28,562.5,515.0,520.0,522.5,0.0,522.5
2015-07-29,537.5,515.0,520.0,537.5,0.0,537.5
2015-07-30,537.5,537.5,537.5,537.5,0.0,537.5
2015-07-31,517.5,517.5,517.5,517.5,0.0,517.5
2015-08-03,517.5,517.5,517.5,517.5,0.0,517.5
2015-08-04,517.5,517.5,517.5,517.5,0.0,517.5
2015-08-05,525.0,525.0,525.0,525.0,0.0,525.0
2015-08-06,515.0,512.5,515.0,512.5,0.0,512.5
2015-08-07,512.5,512.5,512.5,512.5,0.0,512.5
2015-08-10,522.5,520.0,522.5,520.0,0.0,520.0
2015-08-11,635.0,567.5,567.5,577.5,100.0,577.5
2015-08-12,600.0,562.5,597.5,575.0,0.0,575.0
2015-08-13,597.5,597.5,597.5,597.5,0.0,597.5
2015-08-14,610.0,567.5,567.5,610.0,0.0,610.0
2015-08-17,570.0,570.0,570.0,570.0,0.0,570.0
2015-08-18,572.5,567.5,572.5,570.0,0.0,570.0
2015-08-19,610.0,577.5,577.5,610.0,0.0,610.0
2015-08-20,607.5,567.5,607.5,567.5,0.0,567.5
2015-08-21,570.0,547.5,570.0,557.5,0.0,557.5
2015-08-24,635.0,547.5,570.0,635.0,0.0,635.0
2015-08-25,647.5,537.5,647.5,625.0,0.0,625.0
2015-08-26,567.5,567.5,567.5,567.5,0.0,567.5
2015-08-27,567.5,567.5,567.5,567.5,0.0,567.5
2015-08-28,547.5,547.5,547.5,547.5,0.0,547.5
2015-08-31,545.0,545.0,545.0,545.0,0.0,545.0
2015-09-01,545.0,545.0,545.0,545.0,0.0,545.0
2015-09-02,545.0,545.0,545.0,545.0,0.0,545.0
2015-09-03,545.0,545.0,545.0,545.0,0.0,545.0
2015-09-04,545.0,545.0,545.0,545.0,0.0,545.0
2015-09-08,537.5,535.0,537.5,537.5,0.0,537.5
2015-09-09,537.5,537.5,537.5,537.5,0.0,537.5
2015-09-10,590.0,542.5,590.0,585.0,0.0,585.0
2015-09-11,587.5,545.0,587.5,587.5,0.0,587.5
2015-09-14,587.5,587.5,587.5,587.5,0.0,587.5
2015-09-15,582.5,540.0,555.0,560.0,0.0,560.0
2015-09-16,585.0,570.0,570.0,585.0,0.0,585.0
2015-09-17,592.5,580.0,587.5,580.0,0.0,580.0
2015-09-18,580.0,532.5,535.0,535.0,0.0,535.0
2015-09-21,535.0,535.0,535.0,535.0,0.0,535.0
2015-09-22,522.5,522.5,522.5,522.5,0.0,522.5
2015-09-23,535.0,530.0,530.0,535.0,0.0,535.0
2015-09-24,535.0,535.0,535.0,535.0,0.0,535.0
2015-09-25,535.0,535.0,535.0,535.0,0.0,535.0
2015-09-28,535.0,535.0,535.0,535.0,0.0,535.0
2015-09-29,542.5,520.0,530.0,520.0,0.0,520.0
2015-09-30,520.0,520.0,520.0,520.0,0.0,520.0
2015-10-01,520.0,520.0,520.0,520.0,0.0,520.0
2015-10-02,507.5,507.5,507.5,507.5,0.0,507.5
2015-10-05,515.0,515.0,515.0,515.0,0.0,515.0
2015-10-06,530.0,515.0,515.0,530.0,0.0,530.0
2015-10-07,530.0,530.0,530.0,530.0,0.0,530.0
2015-10-08,530.0,530.0,530.0,530.0,0.0,530.0
2015-10-09,530.0,530.0,530.0,530.0,0.0,530.0
2015-10-12,530.0,530.0,530.0,530.0,0.0,530.0
2015-10-13,507.5,507.5,507.5,507.5,0.0,507.5
2015-10-14,507.5,507.5,507.5,507.5,0.0,507.5
2015-10-15,507.5,507.5,507.5,507.5,0.0,507.5
2015-10-16,507.5,507.5,507.5,507.5,0.0,507.5
2015-10-19,507.5,507.5,507.5,507.5,0.0,507.5
2015-10-20,507.5,507.5,507.5,507.5,0.0,507.5
2015-10-21,527.5,507.5,507.5,527.5,0.0,527.5
2015-10-22,527.5,527.5,527.5,527.5,0.0,527.5
2015-10-23,542.5,525.0,525.0,542.5,0.0,542.5
2015-10-26,522.5,520.0,520.0,520.0,0.0,520.0
2015-10-27,550.0,535.0,550.0,535.0,0.0,535.0
2015-10-28,535.0,535.0,535.0,535.0,0.0,535.0
2015-10-29,535.0,535.0,535.0,535.0,0.0,535.0
2015-10-30,535.0,535.0,535.0,535.0,0.0,535.0
2015-11-02,535.0,535.0,535.0,535.0,0.0,535.0
2015-11-03,527.5,525.0,525.0,527.5,0.0,527.5
2015-11-04,527.5,527.5,527.5,527.5,0.0,527.5
2015-11-05,550.0,505.0,527.5,550.0,0.0,550.0
2015-11-06,550.0,550.0,550.0,550.0,0.0,550.0
2015-11-09,550.0,550.0,550.0,550.0,0.0,550.0
2015-11-10,550.0,550.0,550.0,550.0,0.0,550.0
2015-11-11,542.5,535.0,542.5,535.0,0.0,535.0
2015-11-12,525.0,525.0,525.0,525.0,0.0,525.0
2015-11-13,520.0,500.0,515.0,500.0,0.0,500.0
2015-11-16,500.0,500.0,500.0,500.0,0.0,500.0
2015-11-17,500.0,500.0,500.0,500.0,0.0,500.0
2015-11-18,477.5,455.0,475.0,455.0,0.0,455.0
2015-11-19,472.5,455.0,460.0,465.0,0.0,465.0
2015-11-20,462.5,462.5,462.5,462.5,0.0,462.5
2015-11-23,450.0,430.0,450.0,437.5,0.0,437.5
2015-11-24,487.5,452.5,460.0,462.5,0.0,462.5
2015-11-25,460.0,425.0,460.0,437.5,0.0,437.5
2015-11-27,430.0,405.0,430.0,422.5,0.0,422.5
2015-11-30,422.5,422.5,422.5,422.5,0.0,422.5
2015-12-01,410.0,405.0,410.0,405.0,0.0,405.0
2015-12-02,422.5,390.0,415.0,390.0,0.0,390.0
2015-12-03,437.5,390.0,392.5,432.5,0.0,432.5
2015-12-04,437.5,425.0,437.5,432.5,0.0,432.5
2015-12-07,432.5,432.5,432.5,432.5,0.0,432.5
2015-12-08,442.5,392.5,417.5,400.0,400.0,400.0
2015-12-09,450.0,387.5,387.5,397.5,0.0,397.5
2015-12-10,465.0,382.5,392.5,400.0,0.0,400.0
2015-12-11,445.0,400.0,445.0,412.5,0.0,412.5
2015-12-14,442.5,360.0,410.0,360.0,0.0,360.0
2015-12-15,397.5,390.0,397.5,390.0,0.0,390.0
2015-12-16,425.0,360.0,425.0,375.0,0.0,375.0
2015-12-17,420.0,360.0,375.0,367.5,0.0,367.5
2015-12-18,387.5,367.5,367.5,387.5,0.0,387.5
2015-12-21,372.5,330.0,360.0,362.5,0.0,362.5
2015-12-22,365.0,340.0,362.5,340.0,0.0,340.0
2015-12-23,420.0,327.5,340.0,327.5,0.0,327.5
2015-12-24,360.0,340.0,360.0,340.0,0.0,340.0
2015-12-28,375.0,332.5,332.5,342.5,0.0,342.5
2015-12-29,337.5,332.5,337.5,337.5,0.0,337.5
2015-12-30,377.5,350.0,350.0,375.0,0.0,375.0
2015-12-31,372.5,340.0,340.0,347.5,0.0,347.5
2016-01-04,347.5,347.5,347.5,347.5,0.0,347.5
2016-01-05,412.5,407.5,412.5,407.5,0.0,407.5
2016-01-06,497.5,390.0,390.0,447.5,0.0,447.5
2016-01-07,445.0,390.0,437.5,445.0,0.0,445.0
2016-01-08,432.5,432.5,432.5,432.5,0.0,432.5
2016-01-11,402.5,390.0,402.5,390.0,0.0,390.0
2016-01-12,425.0,375.0,390.0,425.0,0.0,425.0
2016-01-13,497.5,395.0,460.0,427.5,0.0,427.5
2016-01-14,485.0,415.0,415.0,485.0,0.0,485.0
2016-01-15,485.0,485.0,485.0,485.0,0.0,485.0
2016-01-19,500.0,417.5,417.5,500.0,0.0,500.0
2016-01-20,497.5,462.5,462.5,497.5,0.0,497.5
2016-01-21,497.5,497.5,497.5,497.5,0.0,497.5
2016-01-22,422.5,337.5,422.5,350.0,0.0,350.0
2016-01-25,350.0,350.0,350.0,350.0,0.0,350.0
2016-01-26,350.0,350.0,350.0,350.0,0.0,350.0
2016-01-27,405.0,372.5,405.0,375.0,0.0,375.0
2016-01-28,365.0,307.5,325.0,365.0,0.0,365.0
2016-01-29,440.0,337.5,337.5,400.0,0.0,400.0
2016-02-01,400.0,400.0,400.0,400.0,0.0,400.0
2016-02-02,400.0,400.0,400.0,400.0,0.0,400.0
2016-02-03,400.0,400.0,400.0,400.0,0.0,400.0
2016-02-04,400.0,400.0,400.0,400.0,0.0,400.0
2016-02-05,400.0,400.0,400.0,400.0,0.0,400.0
2016-02-08,400.0,400.0,400.0,400.0,0.0,400.0
2016-02-09,400.0,400.0,400.0,400.0,0.0,400.0
2016-02-10,400.0,400.0,400.0,400.0,0.0,400.0
2016-02-11,400.0,400.0,400.0,400.0,0.0,400.0
2016-02-12,427.5,422.5,427.5,422.5,0.0,422.5
2016-02-16,422.5,422.5,422.5,422.5,0.0,422.5
2016-02-17,380.0,312.5,337.5,372.5,0.0,372.5
2016-02-18,375.0,375.0,375.0,375.0,0.0,375.0
2016-02-19,375.0,375.0,375.0,375.0,0.0,375.0
2016-02-22,375.0,375.0,375.0,375.0,0.0,375.0
2016-02-23,375.0,375.0,375.0,375.0,0.0,375.0
2016-02-24,375.0,375.0,375.0,375.0,0.0,375.0
2016-02-25,375.0,375.0,375.0,375.0,0.0,375.0
2016-02-26,375.0,375.0,375.0,375.0,0.0,375.0
2016-02-29,375.0,375.0,375.0,375.0,0.0,375.0
2016-03-01,357.5,327.5,327.5,357.5,0.0,357.5
2016-03-02,357.5,357.5,357.5,357.5,0.0,357.5
2016-03-03,357.5,357.5,357.5,357.5,0.0,357.5
2016-03-04,335.0,335.0,335.0,335.0,0.0,335.0
2016-03-07,335.0,325.0,325.0,330.0,0.0,330.0
2016-03-08,290.0,290.0,290.0,290.0,0.0,290.0
2016-03-09,327.5,292.5,325.0,292.5,0.0,292.5
2016-03-10,375.0,300.0,375.0,320.0,0.0,320.0
2016-03-11,302.5,270.0,302.5,270.0,0.0,270.0
2016-03-14,357.5,297.5,297.5,325.0,0.0,325.0
2016-03-15,325.0,325.0,325.0,325.0,0.0,325.0
2016-03-16,375.0,350.0,375.0,352.5,0.0,352.5
2016-03-17,382.5,380.0,382.5,380.0,0.0,380.0
2016-03-18,367.5,367.5,367.5,367.5,0.0,367.5
2016-03-21,332.5,322.5,322.5,332.5,0.0,332.5
2016-03-22,362.5,350.0,362.5,350.0,0.0,350.0
2016-03-23,350.0,350.0,350.0,350.0,0.0,350.0
2016-03-24,350.0,350.0,350.0,350.0,0.0,350.0
2016-03-28,350.0,350.0,350.0,350.0,0.0,350.0
2016-03-29,350.0,350.0,350.0,350.0,0.0,350.0
2016-03-30,355.0,300.0,335.0,300.0,0.0,300.0
2016-03-31,300.0,300.0,300.0,300.0,0.0,300.0
2016-04-01,300.0,300.0,300.0,300.0,0.0,300.0
2016-04-04,372.5,302.5,340.0,315.0,0.0,315.0
2016-04-05,335.0,315.0,335.0,315.0,0.0,315.0
2016-04-06,315.0,315.0,315.0,315.0,0.0,315.0
2016-04-07,415.0,340.0,367.5,340.0,0.0,340.0
2016-04-08,342.5,330.0,342.5,330.0,0.0,330.0
2016-04-11,387.5,325.0,325.0,365.0,0.0,365.0
2016-04-12,417.5,352.5,417.5,352.5,0.0,352.5
2016-04-13,357.5,357.5,357.5,357.5,0.0,357.5
2016-04-14,375.0,375.0,375.0,375.0,0.0,375.0
2016-04-15,347.5,325.0,347.5,325.0,0.0,325.0
2016-04-18,325.0,325.0,325.0,325.0,0.0,325.0
2016-04-19,325.0,325.0,325.0,325.0,0.0,325.0
2016-04-20,415.0,320.0,385.0,350.0,100.0,350.0
2016-04-21,390.0,362.5,362.5,390.0,0.0,390.0
2016-04-22,350.0,350.0,350.0,350.0,0.0,350.0
2016-04-25,362.5,362.5,362.5,362.5,0.0,362.5
2016-04-26,402.5,337.5,402.5,337.5,0.0,337.5
2016-04-27,350.0,350.0,350.0,350.0,0.0,350.0
2016-04-28,337.5,332.5,337.5,332.5,0.0,332.5
2016-04-29,330.0,322.5,322.5,330.0,0.0,330.0
2016-05-02,337.5,330.0,337.5,330.0,0.0,330.0
2016-05-03,355.0,350.0,350.0,355.0,0.0,355.0
2016-05-04,355.0,355.0,355.0,355.0,0.0,355.0
2016-05-05,355.0,355.0,355.0,355.0,0.0,355.0
2016-05-06,355.0,355.0,355.0,355.0,0.0,355.0
2016-05-09,310.0,310.0,310.0,310.0,0.0,310.0
2016-05-10,310.0,310.0,310.0,310.0,0.0,310.0
2016-05-11,342.5,332.5,342.5,332.5,0.0,332.5
2016-05-12,332.5,332.5,332.5,332.5,0.0,332.5
2016-05-13,325.0,307.5,315.0,310.0,0.0,310.0
2016-05-16,335.0,335.0,335.0,335.0,0.0,335.0
2016-05-17,357.5,330.0,345.0,337.5,0.0,337.5
2016-05-18,337.5,337.5,337.5,337.5,0.0,337.5
2016-05-19,337.5,337.5,337.5,337.5,0.0,337.5
2016-05-20,337.5,337.5,337.5,337.5,0.0,337.5
2016-05-23,337.5,337.5,337.5,337.5,0.0,337.5
2016-05-24,337.5,337.5,337.5,337.5,0.0,337.5
2016-05-25,337.5,337.5,337.5,337.5,0.0,337.5
2016-05-26,317.5,282.5,317.5,282.5,0.0,282.5
2016-05-27,287.5,275.0,287.5,275.0,0.0,275.0
2016-05-31,297.5,257.5,257.5,297.5,0.0,297.5
2016-06-01,302.5,297.5,297.5,297.5,0.0,297.5
2016-06-02,277.5,260.0,262.5,277.5,0.0,277.5
2016-06-03,277.5,277.5,277.5,277.5,0.0,277.5
2016-06-06,2500.0,302.5,302.5,1805.0,36200.0,1805.0
2016-06-07,3890.0,1532.5,1532.5,2812.5,63300.0,2812.5
2016-06-08,4250.0,2977.5,3517.5,3437.5,29200.0,3437.5
2016-06-09,3477.5,2637.5,3350.0,2775.0,6200.0,2775.0
2016-06-10,2700.0,2252.5,2612.5,2322.5,2400.0,2322.5
2016-06-13,2875.0,2350.0,2500.0,2587.5,3800.0,2587.5
2016-06-14,2680.0,2360.0,2585.0,2472.5,900.0,2472.5
2016-06-15,3605.0,2472.5,2475.0,3317.5,8600.0,3317.5
2016-06-16,3650.0,2997.5,3432.5,3067.5,1800.0,3067.5
2016-06-17,3322.5,2955.0,3005.0,3050.0,800.0,3050.0
2016-06-20,3370.0,2972.5,3370.0,3075.0,600.0,3075.0
2016-06-21,3047.5,2765.0,3012.5,2872.5,500.0,2872.5
2016-06-22,2812.5,2625.0,2812.5,2632.5,200.0,2632.5
2016-06-23,2810.0,2462.5,2810.0,2617.5,300.0,2617.5
2016-06-24,2562.5,2330.0,2500.0,2525.0,200.0,2525.0
2016-06-27,2470.0,2132.5,2425.0,2352.5,100.0,2352.5
2016-06-28,2500.0,2222.5,2350.0,2457.5,200.0,2457.5
2016-06-29,2440.0,2165.0,2440.0,2267.5,400.0,2267.5
2016-06-30,2372.5,2167.5,2372.5,2287.5,100.0,2287.5
2016-07-01,2285.0,2125.0,2222.5,2137.5,100.0,2137.5
2016-07-05,2150.0,1840.0,2150.0,1900.0,200.0,1900.0
2016-07-06,2272.5,1925.0,2272.5,1975.0,0.0,1975.0
2016-07-07,2160.0,1845.0,1917.5,2075.0,200.0,2075.0
2016-07-08,2600.0,2077.5,2077.5,2430.0,700.0,2430.0
2016-07-11,2530.0,2152.5,2400.0,2367.5,200.0,2367.5
2016-07-12,2812.5,2427.5,2755.0,2442.5,200.0,2442.5
2016-07-13,2367.5,2220.0,2367.5,2230.0,100.0,2230.0
2016-07-14,2655.0,2160.0,2212.5,2412.5,200.0,2412.5
2016-07-15,2350.0,2190.0,2350.0,2270.0,300.0,2270.0
2016-07-18,2365.0,2000.0,2365.0,2022.5,700.0,2022.5
2016-07-19,2090.0,2005.0,2005.0,2052.5,0.0,2052.5
2016-07-20,2225.0,1912.5,2225.0,1935.0,100.0,1935.0
2016-07-21,1962.5,1780.0,1962.5,1840.0,100.0,1840.0
2016-07-22,1992.5,1780.0,1780.0,1965.0,0.0,1965.0
2016-07-25,2055.0,1812.5,1990.0,2047.5,500.0,2047.5
2016-07-26,2017.5,1877.5,1987.5,1995.0,200.0,1995.0
2016-07-27,2070.0,1940.0,2070.0,2050.0,0.0,2050.0
2016-07-28,2050.0,1970.0,2000.0,2037.5,0.0,2037.5
2016-07-29,2037.5,1950.0,1950.0,1995.0,0.0,1995.0
2016-08-01,2087.5,1835.0,2087.5,1937.5,0.0,1937.5
2016-08-02,2050.0,1895.0,2050.0,1950.0,0.0,1950.0
2016-08-03,2000.0,1887.5,1892.5,1935.0,0.0,1935.0
2016-08-04,4000.0,1950.0,1997.5,2707.5,8000.0,2707.5
2016-08-05,3425.0,2550.0,2775.0,2597.5,2500.0,2597.5
2016-08-08,2537.5,2275.0,2537.5,2347.5,200.0,2347.5
2016-08-09,2480.0,2270.0,2275.0,2347.5,200.0,2347.5
2016-08-10,2337.5,2200.0,2300.0,2247.5,200.0,2247.5
2016-08-11,2352.5,2117.5,2200.0,2350.0,200.0,2350.0
2016-08-12,2337.5,2200.0,2302.5,2275.0,100.0,2275.0
2016-08-15,2350.0,2135.0,2350.0,2240.0,0.0,2240.0
2016-08-16,2445.0,2172.5,2172.5,2382.5,200.0,2382.5
2016-08-17,3125.0,2342.5,2342.5,2600.0,1700.0,2600.0
2016-08-18,2925.0,2425.0,2532.5,2545.0,300.0,2545.0
2016-08-19,2610.0,2420.0,2432.5,2487.5,100.0,2487.5
2016-08-22,2560.0,2462.5,2477.5,2525.0,0.0,2525.0
2016-08-23,2675.0,2527.5,2550.0,2650.0,100.0,2650.0
2016-08-24,2760.0,2577.5,2625.0,2577.5,100.0,2577.5
2016-08-25,2610.0,2510.0,2577.5,2550.0,0.0,2550.0
2016-08-26,2632.5,2512.5,2550.0,2577.5,100.0,2577.5
2016-08-29,2600.0,2500.0,2572.5,2505.0,0.0,2505.0
2016-08-30,2557.5,2312.5,2500.0,2337.5,100.0,2337.5
2016-08-31,2497.5,2275.0,2337.5,2305.0,100.0,2305.0
2016-09-01,2325.0,2145.0,2322.5,2252.5,0.0,2252.5
2016-09-02,2315.0,2250.0,2250.0,2255.0,100.0,2255.0
2016-09-06,2420.0,2250.0,2262.5,2365.0,200.0,2365.0
2016-09-07,2672.5,2197.5,2425.0,2500.0,300.0,2500.0
2016-09-08,2560.0,2275.0,2475.0,2410.0,100.0,2410.0
2016-09-09,2452.5,2255.0,2407.5,2282.5,0.0,2282.5
2016-09-12,2325.0,2195.0,2230.0,2325.0,100.0,2325.0
2016-09-13,2365.0,2175.0,2335.0,2240.0,100.0,2240.0
2016-09-14,2332.5,2142.5,2310.0,2162.5,100.0,2162.5
2016-09-15,2255.0,2132.5,2182.5,2157.5,100.0,2157.5
2016-09-16,2197.5,2027.5,2132.5,2070.0,0.0,2070.0
2016-09-19,2172.5,2000.0,2070.0,2125.0,0.0,2125.0
2016-09-20,2115.0,2000.0,2115.0,2000.0,0.0,2000.0
2016-09-21,2125.0,2027.5,2040.0,2082.5,0.0,2082.5
2016-09-22,2370.0,2087.5,2087.5,2147.5,300.0,2147.5
2016-09-23,2410.0,2115.0,2200.0,2150.0,100.0,2150.0
2016-09-26,2370.0,2087.5,2177.5,2087.5,100.0,2087.5
2016-09-27,2375.0,2060.0,2085.0,2245.0,300.0,2245.0
2016-09-28,2367.5,2027.5,2320.0,2087.5,300.0,2087.5
2016-09-29,2122.5,2052.5,2052.5,2077.5,0.0,2077.5
2016-09-30,2117.5,2025.0,2085.0,2035.0,0.0,2035.0
2016-10-03,2137.5,1987.5,2080.0,2045.0,0.0,2045.0
2016-10-04,2105.0,2002.5,2042.5,2040.0,0.0,2040.0
2016-10-05,2082.5,1872.5,2082.5,1975.0,300.0,1975.0
2016-10-06,2060.0,1880.0,2047.5,1880.0,200.0,1880.0
2016-10-07,1905.0,1852.5,1882.5,1887.5,0.0,1887.5
2016-10-10,1915.0,1842.5,1842.5,1877.5,0.0,1877.5
2016-10-11,1972.5,1825.0,1915.0,1827.5,0.0,1827.5
2016-10-12,1890.0,1800.0,1822.5,1825.0,0.0,1825.0
2016-10-13,1872.5,1802.5,1810.0,1872.5,0.0,1872.5
2016-10-14,1857.5,1652.5,1857.5,1760.0,0.0,1760.0
2016-10-17,1722.5,1505.0,1722.5,1590.0,200.0,1590.0
2016-10-18,1662.5,1480.0,1645.0,1500.0,100.0,1500.0
2016-10-19,1547.5,1402.5,1492.5,1435.0,100.0,1435.0
2016-10-20,1447.5,1337.5,1380.0,1402.5,100.0,1402.5
2016-10-21,3287.5,1455.0,1462.5,2475.0,21500.0,2475.0
2016-10-24,2975.0,2305.0,2305.0,2450.0,5700.0,2450.0
2016-10-25,2440.0,1677.5,2377.5,1777.5,2700.0,1777.5
2016-10-26,2050.0,1672.5,1685.0,1830.0,2500.0,1830.0
2016-10-27,2010.0,1590.0,1812.5,1650.0,3500.0,1650.0
2016-10-28,1667.5,1527.5,1600.0,1610.0,600.0,1610.0
2016-10-31,1920.0,1572.5,1602.5,1725.0,5600.0,1725.0
2016-11-01,1700.0,1505.0,1697.5,1550.0,1700.0,1550.0
2016-11-02,1552.5,1400.0,1542.5,1400.0,500.0,1400.0
2016-11-03,1395.0,1210.0,1395.0,1350.0,800.0,1350.0
2016-11-04,1520.0,1282.5,1312.5,1385.0,1000.0,1385.0
2016-11-07,1452.5,1287.5,1400.0,1325.0,400.0,1325.0
2016-11-08,1397.5,1277.5,1295.0,1352.5,500.0,1352.5
2016-11-09,1590.0,1290.0,1460.0,1337.5,1600.0,1337.5
2016-11-10,1335.0,1267.5,1307.5,1325.0,600.0,1325.0
2016-11-11,1625.0,1287.5,1300.0,1467.5,2100.0,1467.5
2016-11-14,1615.0,1375.0,1500.0,1455.0,1000.0,1455.0
2016-11-15,1765.0,1362.5,1407.5,1637.5,4100.0,1637.5
2016-11-16,1850.0,1370.0,1690.0,1535.0,6000.0,1535.0
2016-11-17,1597.5,1427.5,1470.0,1482.5,800.0,1482.5
2016-11-18,1500.0,1330.0,1455.0,1405.0,1100.0,1405.0
2016-11-21,1485.0,1350.0,1405.0,1440.0,1000.0,1440.0
2016-11-22,1675.0,1365.0,1670.0,1405.0,2600.0,1405.0
2016-11-23,1420.0,1277.5,1360.0,1335.0,1100.0,1335.0
2016-11-25,1377.5,1292.5,1305.0,1362.5,600.0,1362.5
2016-11-28,1385.0,1320.0,1337.5,1350.0,400.0,1350.0
2016-11-29,1342.5,1287.5,1327.5,1307.5,200.0,1307.5
2016-11-30,1337.5,1150.0,1290.0,1205.0,1000.0,1205.0
2016-12-01,1260.0,1047.5,1172.5,1067.5,900.0,1067.5
2016-12-02,1175.0,1025.0,1077.5,1135.0,500.0,1135.0
2016-12-05,1237.5,1025.0,1187.5,1037.5,700.0,1037.5
2016-12-06,1122.5,1002.5,1040.0,1050.0,600.0,1050.0
2016-12-07,1167.5,1040.0,1072.5,1085.0,700.0,1085.0
2016-12-08,1110.0,1040.0,1110.0,1065.0,200.0,1065.0
2016-12-09,1625.0,1027.5,1107.5,1302.5,7100.0,1302.5
2016-12-12,1322.5,1075.0,1322.5,1080.0,2300.0,1080.0
2016-12-13,1102.5,1012.5,1062.5,1047.5,600.0,1047.5
2016-12-14,1110.0,1055.0,1055.0,1080.0,400.0,1080.0
2016-12-15,1225.0,1010.0,1062.5,1052.5,2200.0,1052.5
2016-12-16,1092.5,1025.0,1027.5,1040.0,500.0,1040.0
2016-12-19,1465.0,1027.5,1027.5,1122.5,8900.0,1122.5
2016-12-20,1125.0,1050.0,1075.0,1080.0,1400.0,1080.0
2016-12-21,1100.0,1055.0,1062.5,1072.5,400.0,1072.5
2016-12-22,1087.5,1045.0,1057.5,1055.0,200.0,1055.0
2016-12-23,1085.0,1037.5,1047.5,1065.0,300.0,1065.0
2016-12-27,992.5,905.0,980.0,952.5,800.0,952.5
2016-12-28,945.0,912.5,935.0,927.5,300.0,927.5
2016-12-29,932.5,852.5,910.0,862.5,400.0,862.5
2016-12-30,897.5,765.0,850.0,825.0,700.0,825.0
2017-01-03,842.5,767.5,820.0,777.5,400.0,777.5
2017-01-04,947.5,777.5,777.5,855.0,2200.0,855.0
2017-01-05,1035.0,825.0,917.5,850.0,2100.0,850.0
2017-01-06,850.0,812.5,837.5,820.0,300.0,820.0
2017-01-09,837.5,787.5,820.0,802.5,300.0,802.5
2017-01-10,862.5,787.5,820.0,810.0,600.0,810.0
2017-01-11,975.0,790.0,840.0,915.0,3400.0,915.0
2017-01-12,1150.0,907.5,915.0,915.0,3000.0,915.0
2017-01-13,925.0,850.0,887.5,850.0,500.0,850.0
2017-01-17,860.0,815.0,827.5,842.5,200.0,842.5
2017-01-18,860.0,815.0,827.5,832.5,100.0,832.5
2017-01-19,880.0,832.5,840.0,837.5,100.0,837.5
2017-01-20,947.5,850.0,867.5,865.0,900.0,865.0
2017-01-23,1245.0,872.5,940.0,987.5,15400.0,987.5
2017-01-24,1047.5,865.0,997.5,880.0,2500.0,880.0
2017-01-25,912.5,880.0,882.5,897.5,600.0,897.5
2017-01-26,912.5,880.0,900.0,887.5,400.0,887.5
2017-01-27,1092.5,887.5,887.5,1005.0,5800.0,1005.0
2017-01-30,1157.5,940.0,1005.0,1060.0,6500.0,1060.0
2017-01-31,1175.0,1012.5,1040.0,1067.5,3600.0,1067.5
2017-02-01,1332.5,1062.5,1187.5,1087.5,11200.0,1087.5
2017-02-02,1090.0,945.0,1047.5,962.5,2300.0,962.5
2017-02-03,1022.5,952.5,1002.5,982.5,1100.0,982.5
2017-02-06,1000.0,940.0,962.5,992.5,400.0,992.5
2017-02-07,1062.5,952.5,1037.5,975.0,1200.0,975.0
2017-02-08,975.0,915.0,955.0,927.5,700.0,927.5
2017-02-09,937.5,875.0,907.5,892.5,1300.0,892.5
2017-02-10,995.0,885.0,900.0,920.0,2100.0,920.0
2017-02-13,962.5,900.0,910.0,900.0,500.0,900.0
2017-02-14,947.5,897.5,900.0,912.5,600.0,912.5
2017-02-15,937.5,907.5,925.0,927.5,200.0,927.5
2017-02-16,930.0,892.5,922.5,910.0,300.0,910.0
2017-02-17,907.5,882.5,895.0,902.5,300.0,902.5
2017-02-21,892.5,790.0,892.5,802.5,800.0,802.5
2017-02-22,810.0,775.0,802.5,780.0,700.0,780.0
2017-02-23,930.0,787.5,835.0,805.0,4500.0,805.0
2017-02-24,817.5,705.0,815.0,745.0,1000.0,745.0
2017-02-27,775.0,737.5,740.0,767.5,300.0,767.5
2017-02-28,765.0,730.0,757.5,752.5,200.0,752.5
2017-03-01,872.5,737.5,807.5,757.5,2700.0,757.5
2017-03-02,830.0,750.0,757.5,777.5,1100.0,777.5
2017-03-03,830.0,777.5,792.5,812.5,600.0,812.5
2017-03-06,812.5,777.5,807.5,810.0,100.0,810.0
2017-03-07,807.5,690.0,805.0,690.0,500.0,690.0
2017-03-08,782.5,690.0,745.0,775.0,400.0,775.0
2017-03-09,802.5,715.0,767.5,760.0,300.0,760.0
2017-03-10,762.5,727.5,750.0,737.5,100.0,737.5
2017-03-13,777.5,735.0,745.0,735.0,200.0,735.0
2017-03-14,772.5,702.5,737.5,710.0,300.0,710.0
2017-03-15,732.5,675.0,732.5,677.5,300.0,677.5
2017-03-16,727.5,670.0,672.5,695.0,300.0,695.0
2017-03-17,712.5,675.0,682.5,675.0,100.0,675.0
2017-03-20,700.0,662.5,700.0,662.5,200.0,662.5
2017-03-21,682.5,650.0,682.5,667.5,100.0,667.5
2017-03-22,680.0,640.0,652.5,642.5,100.0,642.5
2017-03-23,650.0,615.0,647.5,650.0,200.0,650.0
2017-03-24,642.5,592.5,642.5,612.5,300.0,612.5
2017-03-27,862.5,615.0,617.5,680.0,3700.0,680.0
2017-03-28,692.5,627.5,687.5,647.5,600.0,647.5
2017-03-29,680.0,625.0,675.0,665.0,200.0,665.0
2017-03-30,735.0,647.5,660.0,712.5,1000.0,712.5
2017-03-31,772.5,665.0,712.5,707.5,1300.0,707.5
2017-04-03,775.0,667.5,775.0,690.0,400.0,690.0
2017-04-04,725.0,657.5,685.0,690.0,100.0,690.0
2017-04-05,697.5,655.0,685.0,685.0,100.0,685.0
2017-04-06,710.0,655.0,680.0,687.5,100.0,687.5
2017-04-07,710.0,657.5,657.5,685.0,200.0,685.0
2017-04-10,690.0,660.0,690.0,677.5,0.0,677.5
2017-04-11,700.0,657.5,662.5,677.5,100.0,677.5
2017-04-12,685.0,662.5,685.0,665.0,0.0,665.0
2017-04-13,675.0,665.0,667.5,675.0,0.0,675.0
2017-04-17,702.5,650.0,702.5,652.5,0.0,652.5
2017-04-18,670.0,627.5,670.0,652.5,200.0,652.5
2017-04-19,685.0,645.0,645.0,677.5,300.0,677.5
2017-04-20,842.5,657.5,662.5,817.5,4200.0,817.5
2017-04-21,812.5,702.5,732.5,737.5,1600.0,737.5
2017-04-24,740.0,670.0,740.0,712.5,200.0,712.5
2017-04-25,710.0,670.0,707.5,677.5,200.0,677.5
2017-04-26,697.5,650.0,697.5,662.5,0.0,662.5
2017-04-27,720.0,662.5,662.5,665.0,200.0,665.0
2017-04-28,702.5,660.0,687.5,662.5,0.0,662.5
2017-05-01,677.5,645.0,660.0,655.0,100.0,655.0
2017-05-02,680.0,645.0,672.5,657.5,0.0,657.5
2017-05-03,685.0,637.5,685.0,655.0,100.0,655.0
2017-05-04,650.0,585.0,642.5,600.0,300.0,600.0
2017-05-05,625.0,552.5,617.5,570.0,200.0,570.0
2017-05-08,587.5,562.5,562.5,567.5,0.0,567.5
2017-05-09,662.5,550.0,567.5,582.5,300.0,582.5
2017-05-10,602.5,557.5,580.0,577.5,100.0,577.5
2017-05-11,620.0,567.5,577.5,607.5,300.0,607.5
2017-05-12,687.5,602.5,602.5,632.5,800.0,632.5
2017-05-15,660.0,605.0,652.5,625.0,100.0,625.0
2017-05-16,632.5,557.5,620.0,557.5,100.0,557.5
2017-05-17,655.0,587.5,607.5,602.5,400.0,602.5
2017-05-18,625.0,575.0,580.0,622.5,100.0,622.5
2017-05-19,627.5,602.5,627.5,612.5,0.0,612.5
2017-05-22,637.5,595.0,627.5,612.5,0.0,612.5
2017-05-23,1225.0,912.5,1100.0,952.5,109900.0,952.5
2017-05-24,1020.0,700.0,987.5,730.0,14400.0,730.0
2017-05-25,782.5,665.0,750.0,680.0,3300.0,680.0
2017-05-26,700.0,625.0,680.0,637.5,2200.0,637.5
2017-05-30,717.5,637.5,650.0,692.5,3900.0,692.5
2017-05-31,682.5,630.0,682.5,657.5,1900.0,657.5
2017-06-01,667.5,640.0,647.5,650.0,700.0,650.0
2017-06-02,700.0,642.5,642.5,665.0,1500.0,665.0
2017-06-05,787.5,660.0,750.0,665.0,6000.0,665.0
2017-06-06,662.5,630.0,652.5,652.5,1400.0,652.5
2017-06-07,655.0,625.0,645.0,647.5,600.0,647.5
2017-06-08,650.0,610.0,640.0,647.5,1000.0,647.5
2017-06-09,647.5,625.0,640.0,637.5,500.0,637.5
2017-06-12,635.0,612.5,630.0,615.0,400.0,615.0
2017-06-13,625.0,605.0,607.5,620.0,300.0,620.0
2017-06-14,655.0,617.5,627.5,630.0,700.0,630.0
2017-06-15,637.5,610.0,627.5,612.5,200.0,612.5
2017-06-16,625.0,605.0,610.0,625.0,300.0,625.0
2017-06-19,625.0,585.0,625.0,592.5,600.0,592.5
2017-06-20,675.0,577.5,595.0,635.0,1900.0,635.0
2017-06-21,660.0,627.5,627.5,645.0,500.0,645.0
2017-06-22,655.0,615.0,637.5,620.0,200.0,620.0
2017-06-23,645.0,620.0,625.0,620.0,100.0,620.0
2017-06-26,650.0,620.0,622.5,627.5,200.0,627.5
2017-06-27,635.0,592.5,635.0,600.0,300.0,600.0
2017-06-28,630.0,602.5,602.5,622.5,300.0,622.5
2017-06-29,622.5,605.0,617.5,622.5,100.0,622.5
2017-06-30,630.0,602.5,630.0,607.5,200.0,607.5
2017-07-03,615.0,597.5,602.5,602.5,100.0,602.5
2017-07-05,630.0,597.5,622.5,607.5,600.0,607.5
2017-07-06,650.0,600.0,600.0,622.5,800.0,622.5
2017-07-07,640.0,602.5,625.0,620.0,600.0,620.0
2017-07-10,637.5,602.5,635.0,620.0,200.0,620.0
2017-07-11,620.0,605.0,610.0,612.5,300.0,612.5
2017-07-12,627.5,605.0,612.5,605.0,200.0,605.0
2017-07-13,670.0,607.5,650.0,670.0,3200.0,670.0
2017-07-14,700.0,635.0,670.0,650.0,1400.0,650.0
2017-07-17,672.5,627.5,672.5,642.5,300.0,642.5
2017-07-18,650.0,617.5,632.5,637.5,200.0,637.5
2017-07-19,682.5,637.5,637.5,652.5,600.0,652.5
2017-07-20,687.5,650.0,665.0,670.0,600.0,670.0
2017-07-21,785.0,662.5,675.0,700.0,2700.0,700.0
2017-07-24,745.0,690.0,705.0,737.5,500.0,737.5
2017-07-25,747.5,715.0,747.5,720.0,500.0,720.0
2017-07-26,755.0,665.0,755.0,705.0,1000.0,705.0
2017-07-27,715.0,687.5,700.0,702.5,400.0,702.5
2017-07-28,705.0,682.5,700.0,687.5,200.0,687.5
2017-07-31,717.5,682.5,682.5,717.5,200.0,717.5
2017-08-01,735.0,695.0,735.0,700.0,200.0,700.0
2017-08-02,710.0,665.0,710.0,680.0,200.0,680.0
2017-08-03,712.5,670.0,682.5,672.5,400.0,672.5
2017-08-04,682.5,662.5,682.5,662.5,200.0,662.5
2017-08-07,687.5,662.5,682.5,685.0,200.0,685.0
2017-08-08,695.0,677.5,695.0,690.0,0.0,690.0
2017-08-09,695.0,665.0,692.5,670.0,300.0,670.0
2017-08-10,687.5,650.0,670.0,685.0,200.0,685.0
2017-08-11,692.5,670.0,680.0,672.5,200.0,672.5
2017-08-14,755.0,662.5,665.0,697.5,800.0,697.5
2017-08-15,960.0,727.5,937.5,737.5,40900.0,737.5
2017-08-16,762.5,632.5,762.5,637.5,5300.0,637.5
2017-08-17,702.5,625.0,652.5,692.5,3600.0,692.5
2017-08-18,785.0,675.0,715.0,782.5,6200.0,782.5
2017-08-21,815.0,700.0,772.5,775.0,2600.0,775.0
2017-08-22,867.5,780.0,780.0,842.5,3500.0,842.5
2017-08-23,842.5,780.0,832.5,820.0,2400.0,820.0
2017-08-24,825.0,777.5,825.0,807.5,1400.0,807.5
2017-08-25,935.0,787.5,807.5,877.5,4000.0,877.5
2017-08-28,892.5,802.5,877.5,817.5,2400.0,817.5
2017-08-29,812.5,750.0,812.5,762.5,2300.0,762.5
2017-08-30,795.0,737.5,762.5,747.5,1700.0,747.5
2017-08-31,767.5,700.0,740.0,742.5,900.0,742.5
2017-09-01,752.5,712.5,750.0,742.5,700.0,742.5
2017-09-05,750.0,715.0,750.0,725.0,300.0,725.0
2017-09-06,740.0,705.0,717.5,720.0,500.0,720.0
2017-09-07,747.5,675.0,742.5,707.5,1000.0,707.5
2017-09-08,765.0,675.0,765.0,685.0,800.0,685.0
2017-09-11,692.5,645.0,687.5,647.5,900.0,647.5
2017-09-12,650.0,627.5,642.5,637.5,800.0,637.5
2017-09-13,642.5,615.0,637.5,625.0,1000.0,625.0
2017-09-14,672.5,605.0,667.5,657.5,3200.0,657.5
2017-09-15,950.0,675.0,682.5,917.5,20400.0,917.5
2017-09-18,957.5,780.0,825.0,870.0,15700.0,870.0
2017-09-19,1600.0,872.5,900.0,1425.0,51100.0,1425.0
2017-09-20,1817.5,1367.5,1375.0,1535.0,87100.0,1535.0
2017-09-21,1575.0,1380.0,1547.5,1465.0,19400.0,1465.0
2017-09-22,1987.5,1417.5,1437.5,1742.5,43800.0,1742.5
2017-09-25,2412.5,1925.0,1930.0,2075.0,65200.0,2075.0
2017-09-26,2395.0,2112.5,2250.0,2285.0,24100.0,2285.0
2017-09-27,2287.5,2065.0,2262.5,2182.5,13500.0,2182.5
2017-09-28,2787.5,1812.5,2172.5,2717.5,38200.0,2717.5
2017-09-29,3542.5,2837.5,2997.5,3172.5,38300.0,3172.5
2017-10-02,3542.5,3140.0,3457.5,3245.0,16600.0,3245.0
2017-10-03,3375.0,2875.0,3162.5,3257.5,11300.0,3257.5
2017-10-04,3310.0,3000.0,3212.5,3105.0,6600.0,3105.0
2017-10-05,3740.0,3007.5,3082.5,3562.5,23800.0,3562.5
2017-10-06,4057.5,3580.0,3725.0,3937.5,21700.0,3937.5
2017-10-09,5872.5,4005.0,4025.0,5272.5,50700.0,5272.5
2017-10-10,7175.0,5687.5,5767.5,6972.5,59200.0,6972.5
2017-10-11,9715.0,7052.5,8350.0,8225.0,94800.0,8225.0
2017-10-12,7550.0,5062.5,7100.0,5125.0,59600.0,5125.0
2017-10-13,6187.5,4320.0,4600.0,5100.0,77200.0,5100.0
2017-10-16,5800.0,5075.0,5712.5,5227.5,24900.0,5227.5
2017-10-17,5400.0,4490.0,5075.0,4557.5,19800.0,4557.5
2017-10-18,4707.5,4050.0,4575.0,4080.0,15000.0,4080.0
2017-10-19,4485.0,3912.5,3972.5,4027.5,27200.0,4027.5
2017-10-20,4472.5,4050.0,4392.5,4070.0,11200.0,4070.0
2017-10-23,4082.5,3295.0,4020.0,3325.0,17100.0,3325.0
2017-10-24,4232.5,3045.0,4202.5,3112.5,47200.0,3112.5
2017-10-25,3265.0,2827.5,3150.0,2875.0,22600.0,2875.0
2017-10-26,3250.0,2750.0,2870.0,2902.5,19000.0,2902.5
2017-10-27,3120.0,2632.5,2910.0,2685.0,14300.0,2685.0
2017-10-30,2645.0,2212.5,2525.0,2257.5,21700.0,2257.5
2017-10-31,2705.0,2220.0,2277.5,2655.0,25500.0,2655.0
2017-11-01,2775.0,2375.0,2667.5,2480.0,21400.0,2480.0
2017-11-02,2550.0,2325.0,2540.0,2370.0,10400.0,2370.0
2017-11-03,2592.5,2292.5,2347.5,2412.5,13700.0,2412.5
2017-11-06,3550.0,2480.0,2620.0,3550.0,66700.0,3550.0
2017-11-07,3440.0,3050.0,3337.5,3055.0,33500.0,3055.0
2017-11-08,3012.5,2565.0,3000.0,2612.5,17800.0,2612.5
2017-11-09,2797.5,2405.0,2525.0,2547.5,10900.0,2547.5
2017-11-10,2737.5,2532.5,2550.0,2567.5,8700.0,2567.5
2017-11-13,3375.0,2450.0,2562.5,3082.5,28600.0,3082.5
2017-11-14,3375.0,2900.0,3265.0,2942.5,32000.0,2942.5
2017-11-15,3120.0,2755.0,2770.0,3050.0,12100.0,3050.0
2017-11-16,3462.5,2955.0,3085.0,3105.0,25600.0,3105.0
2017-11-17,3477.5,3150.0,3310.0,3235.0,24100.0,3235.0
2017-11-20,3685.0,3250.0,3332.5,3400.0,25600.0,3400.0
2017-11-21,3680.0,3407.5,3475.0,3582.5,19200.0,3582.5
2017-11-22,3557.5,3302.5,3527.5,3330.0,11800.0,3330.0
2017-11-24,3537.5,3385.0,3450.0,3467.5,8700.0,3467.5
2017-11-27,3820.0,3402.5,3500.0,3625.0,19700.0,3625.0
2017-11-28,3917.5,3650.0,3687.5,3750.0,25900.0,3750.0
2017-11-29,3862.5,3450.0,3807.5,3495.0,16300.0,3495.0
2017-11-30,3582.5,3375.0,3512.5,3405.0,7000.0,3405.0
2017-12-01,3317.5,2950.0,3300.0,3015.0,9600.0,3015.0
2017-12-04,3122.5,2970.0,3100.0,3007.5,6100.0,3007.5
2017-12-05,2672.5,2325.0,2647.5,2375.0,26200.0,2375.0
2017-12-06,2432.5,1837.5,2432.5,1935.0,31200.0,1935.0
2017-12-07,2187.5,1895.0,1997.5,2075.0,23700.0,2075.0
2017-12-08,2182.5,2030.0,2135.0,2112.5,11400.0,2112.5
2017-12-11,2397.5,2120.0,2125.0,2282.5,15800.0,2282.5
2017-12-12,3000.0,2477.5,2950.0,2520.0,45500.0,2520.0
2017-12-13,1792.5,1552.5,1625.0,1697.5,87600.0,1697.5
2017-12-14,1775.0,1647.5,1772.5,1675.0,17200.0,1675.0
2017-12-15,1695.0,1500.0,1682.5,1565.0,17400.0,1565.0
2017-12-18,1615.0,1450.0,1605.0,1485.0,20200.0,1485.0
2017-12-19,1570.0,1425.0,1482.5,1552.5,18100.0,1552.5
2017-12-20,1670.0,1537.5,1650.0,1595.0,26200.0,1595.0
2017-12-21,1675.0,1562.5,1650.0,1587.5,17700.0,1587.5
2017-12-22,1625.0,1487.5,1587.5,1527.5,12600.0,1527.5
2017-12-26,1550.0,1400.0,1512.5,1420.0,17000.0,1420.0
2017-12-27,1437.5,1327.5,1420.0,1347.5,16800.0,1347.5
2017-12-28,1745.0,1362.5,1405.0,1725.0,65400.0,1725.0
2017-12-29,1742.5,1557.5,1742.5,1577.5,39800.0,1577.5
2018-01-02,1817.5,1532.5,1607.5,1807.5,23900.0,1807.5
2018-01-03,1867.5,1700.0,1750.0,1795.0,21800.0,1795.0
2018-01-04,1917.5,1790.0,1795.0,1830.0,27200.0,1830.0
2018-01-05,1900.0,1797.5,1885.0,1827.5,11700.0,1827.5
2018-01-08,1822.5,1662.5,1817.5,1730.0,13500.0,1730.0
2018-01-09,1872.5,1737.5,1820.0,1790.0,35000.0,1790.0
2018-01-10,2475.0,2067.5,2462.5,2292.5,109600.0,2292.5
2018-01-11,2180.0,1977.5,2057.5,2015.0,33100.0,2015.0
2018-01-12,2000.0,1875.0,1937.5,1910.0,22100.0,1910.0
2018-01-16,2062.5,1787.5,1912.5,2040.0,29600.0,2040.0
2018-01-17,2047.5,1912.5,1932.5,1932.5,15400.0,1932.5
2018-01-18,2097.5,1942.5,1962.5,2035.0,22100.0,2035.0
2018-01-19,2097.5,2007.5,2062.5,2020.0,10000.0,2020.0
2018-01-22,2120.0,1990.0,2020.0,2067.5,11600.0,2067.5
2018-01-23,2520.0,2082.5,2125.0,2442.5,55700.0,2442.5
2018-01-24,2662.5,2275.0,2370.0,2287.5,57500.0,2287.5
2018-01-25,2282.5,2130.0,2200.0,2232.5,23500.0,2232.5
2018-01-26,2245.0,2107.5,2110.0,2145.0,15000.0,2145.0
2018-01-29,2482.5,2125.0,2132.5,2342.5,31000.0,2342.5
2018-01-30,2500.0,2250.0,2350.0,2330.0,27500.0,2330.0
2018-01-31,2450.0,2302.5,2362.5,2335.0,18300.0,2335.0
2018-02-01,2382.5,2135.0,2362.5,2157.5,14700.0,2157.5
2018-02-02,2350.0,2097.5,2175.0,2285.0,16800.0,2285.0
2018-02-05,2360.0,2137.5,2240.0,2177.5,10800.0,2177.5
2018-02-06,2197.5,1750.0,2050.0,1992.5,24100.0,1992.5
2018-02-07,2087.5,1937.5,2070.0,1987.5,8000.0,1987.5
2018-02-08,2225.0,1932.5,2000.0,2085.0,23200.0,2085.0
2018-02-09,2060.0,1875.0,2022.5,1932.5,13900.0,1932.5
2018-02-12,2062.5,1962.5,2030.0,1997.5,16600.0,1997.5
2018-02-13,1465.0,1342.5,1425.0,1357.5,77500.0,1357.5
2018-02-14,1370.0,1192.5,1362.5,1207.5,40400.0,1207.5
2018-02-15,1287.5,1150.0,1225.0,1265.0,34600.0,1265.0
2018-02-16,1247.5,1162.5,1247.5,1185.0,31500.0,1185.0
2018-02-20,1272.5,1175.0,1200.0,1210.0,22400.0,1210.0
2018-02-21,1245.0,1115.0,1245.0,1125.0,18600.0,1125.0
2018-02-22,1257.5,1155.0,1237.5,1227.5,48800.0,1227.5
2018-02-23,1255.0,1187.5,1225.0,1232.5,19800.0,1232.5
2018-02-26,1292.5,1217.5,1250.0,1270.0,21300.0,1270.0
2018-02-27,1267.5,1200.0,1265.0,1237.5,14400.0,1237.5
2018-02-28,1235.0,1177.5,1212.5,1190.0,11100.0,1190.0
2018-03-01,1205.0,1087.5,1200.0,1145.0,16100.0,1145.0
2018-03-02,1200.0,1087.5,1125.0,1182.5,14700.0,1182.5
2018-03-05,1187.5,1152.5,1175.0,1172.5,6200.0,1172.5
2018-03-06,1180.0,1140.0,1162.5,1152.5,7000.0,1152.5
2018-03-07,1160.0,1105.0,1150.0,1147.5,9000.0,1147.5
2018-03-08,1167.5,1112.5,1147.5,1130.0,9000.0,1130.0
2018-03-09,1147.5,1120.0,1140.0,1130.0,5300.0,1130.0
2018-03-12,1152.5,1100.0,1137.5,1102.5,10100.0,1102.5
2018-03-13,1102.5,940.0,1100.0,1002.5,25300.0,1002.5
2018-03-14,1022.5,950.0,1010.0,985.0,14000.0,985.0
2018-03-15,1035.0,955.0,1025.0,970.0,13000.0,970.0
2018-03-16,975.0,862.5,962.5,877.5,20000.0,877.5
2018-03-19,875.0,790.0,875.0,860.0,19800.0,860.0
2018-03-20,867.5,812.5,850.0,842.5,11700.0,842.5
2018-03-21,907.5,815.0,837.5,870.0,20500.0,870.0
2018-03-22,867.5,777.5,867.5,782.5,17000.0,782.5
2018-03-23,805.0,727.5,797.5,742.5,15400.0,742.5
2018-03-26,780.0,732.5,765.0,765.0,9100.0,765.0
2018-03-27,907.5,792.5,875.0,802.5,53500.0,802.5
2018-03-28,817.5,717.5,802.5,737.5,17100.0,737.5
2018-03-29,760.0,695.0,750.0,707.5,10200.0,707.5
2018-04-02,710.0,650.0,702.5,665.0,11500.0,665.0
2018-04-03,665.0,567.5,625.0,642.5,24000.0,642.5
2018-04-04,770.0,605.0,630.0,745.0,28900.0,745.0
2018-04-05,837.5,705.0,825.0,720.0,30700.0,720.0
2018-04-06,747.5,662.5,720.0,735.0,19600.0,735.0
2018-04-09,785.0,720.0,745.0,777.5,14000.0,777.5
2018-04-10,787.5,712.5,780.0,715.0,11200.0,715.0
2018-04-11,735.0,690.0,720.0,735.0,10400.0,735.0
2018-04-12,767.5,720.0,737.5,755.0,8400.0,755.0
2018-04-13,897.5,727.5,755.0,802.5,40200.0,802.5
2018-04-16,1075.0,797.5,835.0,1052.5,83000.0,1052.5
2018-04-17,1207.5,942.5,1000.0,990.0,120700.0,990.0
2018-04-18,1060.0,945.0,997.5,957.5,47400.0,957.5
2018-04-19,662.5,530.0,622.5,637.5,176900.0,637.5
2018-04-20,637.5,557.5,615.0,567.5,43500.0,567.5
2018-04-23,625.0,572.5,585.0,615.0,27800.0,615.0
2018-04-24,615.0,575.0,612.5,605.0,20900.0,605.0
2018-04-25,637.5,590.0,620.0,627.5,21900.0,627.5
2018-04-26,672.5,605.0,620.0,625.0,26500.0,625.0
2018-04-27,637.5,612.5,632.5,615.0,16200.0,615.0
2018-04-30,620.0,565.0,612.5,570.0,20500.0,570.0
2018-05-01,567.5,532.5,562.5,542.5,19200.0,542.5
2018-05-02,555.0,507.5,542.5,537.5,25400.0,537.5
2018-05-03,552.5,525.0,547.5,532.5,9400.0,532.5
2018-05-04,540.0,512.5,540.0,530.0,10400.0,530.0
2018-05-07,540.0,517.5,540.0,527.5,9700.0,527.5
2018-05-08,497.5,357.5,497.5,362.5,90000.0,362.5
2018-05-09,347.5,195.0,337.5,197.5,162700.0,197.5
2018-05-10,215.0,152.5,207.5,152.5,120900.0,152.5
2018-05-11,177.5,137.5,155.0,162.5,124000.0,162.5
2018-05-14,190.0,162.5,175.0,170.0,175300.0,170.0
2018-05-15,172.5,157.5,172.5,162.5,83100.0,162.5
2018-05-16,182.5,160.0,165.0,170.0,138000.0,170.0
2018-05-17,172.5,155.0,172.5,157.5,83700.0,157.5
2018-05-18,172.5,157.5,162.5,165.0,69400.0,165.0
2018-05-21,172.5,147.5,170.0,152.5,72500.0,152.5
2018-05-22,155.0,125.0,155.0,135.0,81300.0,135.0
2018-05-23,137.5,115.0,137.5,122.5,112000.0,122.5
2018-05-24,125.0,112.5,125.0,115.0,81900.0,115.0
2018-05-25,117.5,100.0,117.5,102.5,80400.0,102.5
2018-05-29,130.0,105.0,107.5,117.5,176300.0,117.5
2018-05-30,125.0,105.0,120.0,115.0,134900.0,115.0
2018-05-31,117.5,102.5,117.5,107.5,83700.0,107.5
2018-06-01,112.5,102.5,107.5,110.0,63900.0,110.0
2018-06-04,112.5,102.5,112.5,105.0,69000.0,105.0
2018-06-05,107.5,92.5,107.5,97.5,93500.0,97.5
2018-06-06,92.5,82.5,90.0,85.0,126200.0,85.0
2018-06-07,100.0,85.0,87.5,92.5,133100.0,92.5
2018-06-08,102.5,90.0,102.5,90.0,86200.0,90.0
2018-06-11,97.5,90.0,95.0,95.0,63300.0,95.0
2018-06-12,105.0,92.5,97.5,97.5,110000.0,97.5
2018-06-13,102.5,92.5,100.0,92.5,116200.0,92.5
2018-06-14,95.0,87.5,95.0,87.5,102600.0,87.5
2018-06-15,90.0,85.0,90.0,87.5,81000.0,87.5
2018-06-18,90.0,87.5,87.5,90.0,51900.0,90.0
2018-06-19,112.5,87.5,90.0,112.5,135700.0,112.5
2018-06-20,87.5,75.0,80.0,77.5,144700.0,77.5
2018-06-21,92.5,77.5,77.5,85.0,140400.0,85.0
2018-06-22,87.5,77.5,85.0,77.5,73500.0,77.5
2018-06-25,82.5,70.0,82.5,72.5,70500.0,72.5
2018-06-26,75.0,60.0,75.0,62.5,113800.0,62.5
2018-06-27,57.5,45.0,57.5,52.5,157700.0,52.5
2018-06-28,67.5,47.5,52.5,57.5,115100.0,57.5
2018-06-29,87.5,57.5,62.5,77.5,243800.0,77.5
2018-07-02,72.5,52.5,65.0,55.0,170100.0,55.0
2018-07-03,60.0,52.5,57.5,52.5,69900.0,52.5
2018-07-05,57.5,47.5,57.5,47.5,171700.0,47.5
2018-07-06,50.0,45.0,50.0,45.0,144200.0,45.0
2018-07-09,47.5,45.0,47.5,47.5,65900.0,47.5
2018-07-10,50.0,47.5,50.0,47.5,74100.0,47.5
2018-07-11,45.0,42.5,45.0,45.0,76400.0,45.0
2018-07-12,50.0,42.5,42.5,45.0,113700.0,45.0
2018-07-13,52.5,35.0,52.5,37.5,389300.0,37.5
2018-07-16,40.0,27.5,40.0,27.5,329200.0,27.5
2018-07-17,30.0,25.0,30.0,30.0,184300.0,30.0
2018-07-18,35.0,27.5,30.0,27.5,324700.0,27.5
2018-07-19,30.0,27.5,30.0,27.5,129800.0,27.5
2018-07-20,30.0,25.0,30.0,25.0,167500.0,25.0
2018-07-23,27.5,20.0,27.5,25.0,221800.0,25.0
2018-07-24,27.5,20.0,25.0,22.5,260900.0,22.5
2018-07-25,14.979999542236328,10.5,14.229999542236328,10.600000381469727,2002200.0,10.600000381469727
2018-07-26,11.989999771118164,6.75,10.600000381469727,6.829999923706055,2467600.0,6.829999923706055
2018-07-27,7.050000190734863,1.8600000143051147,6.829999923706055,2.0,8087800.0,2.0
2018-07-30,1.8700000047683716,0.7799999713897705,1.8700000047683716,0.800000011920929,11481700.0,0.800000011920929
2018-07-31,2.0,0.46000000834465027,0.7300000190734863,0.5,44673100.0,0.5
2018-08-01,0.6000000238418579,0.20999999344348907,0.5899999737739563,0.23000000417232513,52302600.0,0.23000000417232513
2018-08-02,0.20000000298023224,0.10000000149011612,0.20000000298023224,0.10000000149011612,98048900.0,0.10000000149011612
2018-08-03,0.14000000059604645,0.05999999865889549,0.10999999940395355,0.07000000029802322,155377100.0,0.07000000029802322
2018-08-06,0.18000000715255737,0.07000000029802322,0.07000000029802322,0.07999999821186066,473889400.0,0.07999999821186066
2018-08-07,0.11999999731779099,0.07000000029802322,0.10000000149011612,0.07000000029802322,313246200.0,0.07000000029802322
2018-08-08,0.07999999821186066,0.05999999865889549,0.07000000029802322,0.07000000029802322,197437600.0,0.07000000029802322
2018-08-09,0.07000000029802322,0.05999999865889549,0.07000000029802322,0.05999999865889549,136594900.0,0.05999999865889549
2018-08-10,0.05999999865889549,0.05000000074505806,0.05999999865889549,0.05000000074505806,171088100.0,0.05000000074505806
2018-08-13,0.05000000074505806,0.03999999910593033,0.05000000074505806,0.05000000074505806,122445000.0,0.05000000074505806
2018-08-14,0.05000000074505806,0.05000000074505806,0.05000000074505806,0.05000000074505806,115353200.0,0.05000000074505806
2018-08-15,0.05000000074505806,0.029999999329447746,0.029999999329447746,0.05000000074505806,134383800.0,0.05000000074505806
2018-08-16,0.05000000074505806,0.029999999329447746,0.05000000074505806,0.029999999329447746,189033400.0,0.029999999329447746
2018-08-17,0.029999999329447746,0.029999999329447746,0.029999999329447746,0.029999999329447746,107732300.0,0.029999999329447746
2018-08-20,0.029999999329447746,0.029999999329447746,0.029999999329447746,0.029999999329447746,76842300.0,0.029999999329447746
2018-08-21,0.029999999329447746,0.029999999329447746,0.029999999329447746,0.029999999329447746,60896500.0,0.029999999329447746
2018-08-22,0.029999999329447746,0.029999999329447746,0.029999999329447746,0.029999999329447746,87081700.0,0.029999999329447746
2018-08-23,0.029999999329447746,0.019999999552965164,0.029999999329447746,0.019999999552965164,219227300.0,0.019999999552965164
2018-08-24,0.019999999552965164,0.019999999552965164,0.019999999552965164,0.019999999552965164,149153300.0,0.019999999552965164
2018-08-27,0.029999999329447746,0.019999999552965164,0.019999999552965164,0.019999999552965164,299866100.0,0.019999999552965164
2018-08-28,0.019999999552965164,0.019999999552965164,0.019999999552965164,0.019999999552965164,90139400.0,0.019999999552965164
2018-08-29,0.019999999552965164,0.019999999552965164,0.019999999552965164,0.019999999552965164,89524200.0,0.019999999552965164
2018-08-30,0.019999999552965164,0.019999999552965164,0.019999999552965164,0.019999999552965164,106093400.0,0.019999999552965164
2018-08-31,0.019999999552965164,0.019999999552965164,0.019999999552965164,0.019999999552965164,81700200.0,0.019999999552965164
2018-09-04,0.029999999329447746,0.019999999552965164,0.029999999329447746,0.019999999552965164,90117200.0,0.019999999552965164
2018-09-05,0.029999999329447746,0.019999999552965164,0.029999999329447746,0.029999999329447746,177385300.0,0.029999999329447746
2018-09-06,0.029999999329447746,0.019999999552965164,0.029999999329447746,0.019999999552965164,162184200.0,0.019999999552965164
2018-09-07,0.029999999329447746,0.019999999552965164,0.019999999552965164,0.019999999552965164,80925200.0,0.019999999552965164
2018-09-10,0.019999999552965164,0.019999999552965164,0.019999999552965164,0.019999999552965164,108238100.0,0.019999999552965164
2018-09-11,0.019999999552965164,0.019999999552965164,0.019999999552965164,0.019999999552965164,74147300.0,0.019999999552965164
2018-09-12,0.019999999552965164,0.019999999552965164,0.019999999552965164,0.019999999552965164,46352300.0,0.019999999552965164
2018-09-13,0.019999999552965164,0.019999999552965164,0.019999999552965164,0.019999999552965164,56090500.0,0.019999999552965164
2018-09-14,0.019999999552965164,0.019999999552965164,0.019999999552965164,0.019999999552965164,38872100.0,0.019999999552965164
2018-09-17,0.019999999552965164,0.019999999552965164,0.019999999552965164,0.019999999552965164,223248500.0,0.019999999552965164
2018-09-18,0.019999999552965164,0.009999999776482582,0.019999999552965164,0.009999999776482582,136974800.0,0.009999999776482582
2018-09-19,0.009999999776482582,0.009999999776482582,0.009999999776482582,0.009999999776482582,50242700.0,0.009999999776482582
2018-09-20,0.009999999776482582,0.009999999776482582,0.009999999776482582,0.009999999776482582,50176800.0,0.009999999776482582
2018-09-21,0.019999999552965164,0.009999999776482582,0.019999999552965164,0.009999999776482582,35787900.0,0.009999999776482582
2018-09-24,0.019999999552965164,0.009999999776482582,0.019999999552965164,0.019999999552965164,118223400.0,0.019999999552965164
2018-09-25,0.019999999552965164,0.019999999552965164,0.019999999552965164,0.019999999552965164,64086800.0,0.019999999552965164
2018-09-26,0.019999999552965164,0.019999999552965164,0.019999999552965164,0.019999999552965164,37330200.0,0.019999999552965164
2018-09-27,0.019999999552965164,0.009999999776482582,0.019999999552965164,0.019999999552965164,45474300.0,0.019999999552965164
2018-09-28,0.019999999552965164,0.009999999776482582,0.019999999552965164,0.019999999552965164,35726400.0,0.019999999552965164
2018-10-01,0.019999999552965164,0.009999999776482582,0.019999999552965164,0.009999999776482582,31041600.0,0.009999999776482582
2018-10-02,0.019999999552965164,0.009999999776482582,0.019999999552965164,0.009999999776482582,27400000.0,0.009999999776482582
2018-10-03,0.05000000074505806,0.009999999776482582,0.009999999776482582,0.03999999910593033,423250600.0,0.03999999910593033
2018-10-04,0.05000000074505806,0.019999999552965164,0.03999999910593033,0.019999999552965164,670292800.0,0.019999999552965164
2018-10-05,0.019999999552965164,0.019999999552965164,0.019999999552965164,0.019999999552965164,170839000.0,0.019999999552965164
2018-10-08,0.019999999552965164,0.019999999552965164,0.019999999552965164,0.019999999552965164,82686200.0,0.019999999552965164
2018-10-09,0.019999999552965164,0.019999999552965164,0.019999999552965164,0.019999999552965164,70359300.0,0.019999999552965164
2018-10-10,0.019999999552965164,0.019999999552965164,0.019999999552965164,0.019999999552965164,75457600.0,0.019999999552965164
2018-10-11,0.019999999552965164,0.019999999552965164,0.019999999552965164,0.019999999552965164,44123400.0,0.019999999552965164
2018-10-12,0.019999999552965164,0.019999999552965164,0.019999999552965164,0.019999999552965164,43900800.0,0.019999999552965164
2018-10-15,0.019999999552965164,0.019999999552965164,0.019999999552965164,0.019999999552965164,48268000.0,0.019999999552965164
2018-10-16,0.019999999552965164,0.019999999552965164,0.019999999552965164,0.019999999552965164,248193400.0,0.019999999552965164
2018-10-17,0.029999999329447746,0.019999999552965164,0.019999999552965164,0.019999999552965164,153279700.0,0.019999999552965164
2018-10-18,0.019999999552965164,0.019999999552965164,0.019999999552965164,0.019999999552965164,83531200.0,0.019999999552965164
2018-10-19,0.019999999552965164,0.019999999552965164,0.019999999552965164,0.019999999552965164,38063300.0,0.019999999552965164
2018-10-22,0.019999999552965164,0.019999999552965164,0.019999999552965164,0.019999999552965164,46722500.0,0.019999999552965164
2018-10-23,0.029999999329447746,0.019999999552965164,0.019999999552965164,0.019999999552965164,211445600.0,0.019999999552965164
2018-10-24,0.019999999552965164,0.019999999552965164,0.019999999552965164,0.019999999552965164,57249700.0,0.019999999552965164
2018-10-25,0.019999999552965164,0.019999999552965164,0.019999999552965164,0.019999999552965164,47956100.0,0.019999999552965164
2018-10-26,0.019999999552965164,0.019999999552965164,0.019999999552965164,0.019999999552965164,30619200.0,0.019999999552965164
2018-10-29,0.019999999552965164,0.019999999552965164,0.019999999552965164,0.019999999552965164,34252400.0,0.019999999552965164
2018-10-30,0.019999999552965164,0.019999999552965164,0.019999999552965164,0.019999999552965164,49703300.0,0.019999999552965164
2018-10-31,0.019999999552965164,0.019999999552965164,0.019999999552965164,0.019999999552965164,51647000.0,0.019999999552965164
2018-11-01,0.019999999552965164,0.019999999552965164,0.019999999552965164,0.019999999552965164,39491100.0,0.019999999552965164
2018-11-02,0.019999999552965164,0.019999999552965164,0.019999999552965164,0.019999999552965164,41799700.0,0.019999999552965164
2018-11-05,0.019999999552965164,0.019999999552965164,0.019999999552965164,0.019999999552965164,22213600.0,0.019999999552965164
2018-11-06,0.019999999552965164,0.019999999552965164,0.019999999552965164,0.019999999552965164,24758700.0,0.019999999552965164
2018-11-07,0.019999999552965164,0.019999999552965164,0.019999999552965164,0.019999999552965164,29113700.0,0.019999999552965164
2018-11-08,0.019999999552965164,0.019999999552965164,0.019999999552965164,0.019999999552965164,20114100.0,0.019999999552965164
2018-11-09,0.019999999552965164,0.019999999552965164,0.019999999552965164,0.019999999552965164,31152300.0,0.019999999552965164
2018-11-12,0.019999999552965164,0.019999999552965164,0.019999999552965164,0.019999999552965164,21880000.0,0.019999999552965164
2018-11-13,0.019999999552965164,0.019999999552965164,0.019999999552965164,0.019999999552965164,43282200.0,0.019999999552965164
2018-11-14,0.019999999552965164,0.019999999552965164,0.019999999552965164,0.019999999552965164,135161400.0,0.019999999552965164
2018-11-15,0.019999999552965164,0.019999999552965164,0.019999999552965164,0.019999999552965164,76100100.0,0.019999999552965164
2018-11-16,0.019999999552965164,0.019999999552965164,0.019999999552965164,0.019999999552965164,36097900.0,0.019999999552965164
2018-11-19,0.019999999552965164,0.009999999776482582,0.019999999552965164,0.019999999552965164,55140800.0,0.019999999552965164
2018-11-20,0.019999999552965164,0.009999999776482582,0.019999999552965164,0.009999999776482582,39305300.0,0.009999999776482582
2018-11-21,0.019999999552965164,0.009999999776482582,0.009999999776482582,0.019999999552965164,18363200.0,0.019999999552965164
2018-11-23,0.019999999552965164,0.019999999552965164,0.019999999552965164,0.019999999552965164,13896800.0,0.019999999552965164
2018-11-26,0.019999999552965164,0.019999999552965164,0.019999999552965164,0.019999999552965164,24550100.0,0.019999999552965164
2018-11-27,0.019999999552965164,0.019999999552965164,0.019999999552965164,0.019999999552965164,23805400.0,0.019999999552965164
2018-11-28,0.019999999552965164,0.019999999552965164,0.019999999552965164,0.019999999552965164,21256800.0,0.019999999552965164
2018-11-29,0.019999999552965164,0.009999999776482582,0.019999999552965164,0.019999999552965164,34988900.0,0.019999999552965164
2018-11-30,0.019999999552965164,0.019999999552965164,0.019999999552965164,0.019999999552965164,30747300.0,0.019999999552965164
2018-12-03,0.019999999552965164,0.019999999552965164,0.019999999552965164,0.019999999552965164,16049800.0,0.019999999552965164
2018-12-04,0.019999999552965164,0.019999999552965164,0.019999999552965164,0.019999999552965164,19344100.0,0.019999999552965164
2018-12-06,0.019999999552965164,0.019999999552965164,0.019999999552965164,0.019999999552965164,50648600.0,0.019999999552965164
2018-12-07,0.019999999552965164,0.019999999552965164,0.019999999552965164,0.019999999552965164,29297500.0,0.019999999552965164
2018-12-10,0.019999999552965164,0.019999999552965164,0.019999999552965164,0.019999999552965164,15790400.0,0.019999999552965164
2018-12-11,0.019999999552965164,0.019999999552965164,0.019999999552965164,0.019999999552965164,17671200.0,0.019999999552965164
